unit_id,installRegion,lineCode,commission_year,id_depot,class_duty,operatorOwner,hoursService
1,München,L4,2021,21, light ,Linke,11777.60000
2,Davidsonland,L1,2020,96,3,Nguyen Group,14096.90000
3,Évora,L4,2023,17,light,Antunes e Filhos,5694.40000
4,Bischofswerda,L1,2022,83,1,Cardoso,9949.30000
5,Lixa,L4,2022,84, heavy ,Matias,8661.30000
6,Port Heather,L1,2023,42,normal,"Kelly, Martinez and Alvarez",6418.00000
7,Seixal,L5,2023,4, light ,Textor Stiftung & Co. KG,4478.80000
8,Roberthaven,L4,2021,43,2,Maia,11116.20000
9,Lindseymouth,L5,2020,40,normal,"Hernandez, Garcia and Peck",14192.60000
10,Oberviechtach,L2,2020,99,med,Gomes S/A,15555.80000
11,Leiria,L1,2023,103,H,Maia,5020.30000
12,Haldensleben,L1,2020,117,heavy,Hentschel GmbH & Co. KGaA,15645.00000
13,Schweinfurt,L6,2017,11,L,"Hernandez, Garcia and Peck",26198.60000
14,Aue,L2,2022,67,med,Wilson PLC,9259.90000
15,Caldas da Rainha,L3,2023,55,N,Brown Group,6835.50000
16,Coimbra,L1,2022,74, light ,Cruz,9473.10000
17,Roberthaven,L6,2022,59,2,Gomes S/A,10319.00000
18,Rio Maior,L3,2021,78,normal,Hettner,11227.60000
19,Fundão,L3,2019,16,L,Moreira Melo Lda.,17533.10000
20,Port Jasminebury,L2,2023,43,L,Matias,
21,Lake Michael,L4,2021,55,med,Cruz,11548.00000
22,Bischofswerda,L6,2021,42,N,Antunes e Filhos,13799.30000
23,Tondela,L2,2019,33,light,Langern Eberth KG,17782.60000
24,Viseu,L3,2022,11,1,Moreira Melo Lda.,7898.70000
25,Amora,L2,2016,6,L,"Vazquez, Wright and Henry",28268.20000
26,Vila Real de Santo António,L6,2023,23,L,Langern Eberth KG,4346.60000
27,East Tommy,L2,2019,32,L,Jäkel Kroker GmbH & Co. OHG,19654.30000
28,Dieburg,L1,2023,97,H,Hentschel GmbH & Co. KGaA,4769.20000
29,Dunnchester,L4,2018,49,normal,Hentschel GmbH & Co. KGaA,24054.50000
30,Leiria,L2,2021,101,3,Gomes S/A,10846.90000
31,Rachelton,L2,2023,80,3,Dörr,6197.20000
32,Santa Maria da Feira,L6,2022,62, N ,"Vazquez, Wright and Henry",9206.60000
33,Cartermouth,L5,2022,88,heavy,Patberg Hering AG & Co. KGaA,7912.80000
34,Laurenstad,L2,2023,100,heavy,Jäkel Kroker GmbH & Co. OHG,5539.60000
35,Abrantes,L6,2017,41,N,Pergande Hiller GmbH & Co. KG,24599.10000
36,Cartermouth,L2,2023,43,med,Langern Eberth KG,6149.50000
37,Abrantes,L3,2020,65,med,"Hernandez, Garcia and Peck",16524.50000
38,Lake Michael,L3,2020,52,2,Tavares S/A,14347.50000
39,Lixa,L3,2019,35,L,Cruz,19681.80000
40,Port Peterstad,L5,2021,40,med,Hentschel GmbH & Co. KGaA,13490.00000
41,Ponte de Sor,L3,2021,37,light,Paiva Monteiro S.A.,11148.20000
42,Dieburg,L3,2021,21,1,Gomes S/A,12407.90000
43,Tondela,L6,2022,118,2,"Vazquez, Wright and Henry",9722.30000
44,Heinsberg,L6,2018,93,normal,Moreira Melo Lda.,22823.50000
45,Lindseymouth,L5,2022,78,normal,Nguyen Group,8732.50000
46,Amora,L6,2016,99,H,Segebahn Siering AG,30080.90000
47,Seixal,L1,2020,6,L,Jäkel Kroker GmbH & Co. OHG,16022.40000
48,Sondershausen,L6,2022,104, 3 ,Radisch Stadelmann Stiftung & Co. KG,8607.70000
49,München,L1,2017,10,heavy,Sá e Filhos,24626.30000
50,Ponte de Sor,L4,2021,91,light,Machado,12536.00000
51,Vila Real de Santo António,L5,2021,68,med,"Hernandez, Garcia and Peck",13807.60000
52,Évora,L1,2021,116,3,Gomes S/A,12221.40000
53,Elvas,L1,2022,60,med,Linke,8740.60000
54,Haldensleben,L6,2021,70,2,"Kelly, Martinez and Alvarez",10860.20000
55,Fundão,L6,2022,89,heavy,Jäkel Kroker GmbH & Co. OHG,10457.40000
56,Estarreja,L3,2019,94,3,Sanders Group,19104.00000
57,Oberviechtach,L5,2022,39,1,"Vazquez, Wright and Henry",8035.30000
58,Port Peterstad,L2,2023,16,1,Jäntsch AG,6853.70000
59,Mainburg,L3,2022,97,H,"Vazquez, Wright and Henry",8933.30000
60,Dunnchester,L1,2024,54,N,Dörr,3398.50000
61,Aue,L1,2021,42,heavy,Hettner,13776.00000
62,Lüdenscheid,L1,2022,20, 2 ,Cruz,7150.10000
63,Seixal,L1,2021,1,N,Patberg Hering AG & Co. KGaA,11397.40000
64,Davidsonland,L1,2023,57,normal,Langern Eberth KG,5124.10000
65,Lindseymouth,L4,2019,62,2,Tavares S/A,19309.70000
66,Lindseymouth,L2,2020,19,light,Linke,15462.00000
67,Estarreja,L4,2016,35,L,Radisch Stadelmann Stiftung & Co. KG,
68,East Tommy,L4,2016,47,2,Antunes e Filhos,29733.30000
69,Ponte de Sor,L1,2022,37,1,Jäntsch AG,8080.60000
70,Lüdenscheid,L6,2022,97,H,Radisch Stadelmann Stiftung & Co. KG,
71,Santa Maria da Feira,L2,2020,80,heavy,Butte AG,16102.70000
72,Herzberg,L2,2022,20,1,Kruschwitz Ditschlerin AG & Co. OHG,10224.10000
73,Davidsonland,L4,2020,83, med ,Cole Group,15922.30000
74,Rio Maior,L2,2017,55,normal,Moura Cardoso Lda.,25864.60000
75,Seixal,L2,2019,64,N,Brown Group,20268.60000
76,Mêda,L3,2022,61,normal,Gomes S/A,7548.80000
77,Amora,L5,2018,50,normal,Langern Eberth KG,24375.30000
78,Port Zacharyview,L6,2017,92,heavy,Gomes S/A,26224.10000
79,Davidsonland,L4,2022,31,1,Wilson PLC,8781.40000
80,Santa Maria da Feira,L2,2020,86,3,Sanders Group,14489.00000
81,Celle,L4,2023,39, 1 ,Textor Stiftung & Co. KG,6800.40000
82,Davidsonland,L4,2019,79,med,Langern Eberth KG,19558.30000
83,Dieburg,L2,2022,114,H,Radisch Stadelmann Stiftung & Co. KG,
84,Odivelas,L1,2023,60,N,Hettner,5123.30000
85,Cartermouth,L5,2021,71,N,Maia,10951.40000
86,München,L5,2022,70,med,Sá e Filhos,8843.70000
87,Füssen,L2,2023,93,3,"Vazquez, Wright and Henry",5313.70000
88,Füssen,L6,2021,56,N,Pires,13091.10000
89,Évora,L1,2023,1,light,Schleich Heintze GmbH & Co. OHG,6907.40000
90,Carrollburgh,L5,2023,113,3,Hettner,4628.00000
91,Aue,L4,2022,45,L,Butte AG,8767.00000
92,São Mamede de Infesta,L2,2015,55,2,Gomes S/A,32607.60000
93,Lüdenscheid,L6,2020,92,H,Textor Stiftung & Co. KG,17370.60000
94,Seixal,L6,2021,45,normal,Dörr,11298.40000
95,Mêda,L6,2023,54,normal,Linke,6379.60000
96,Santa Maria da Feira,L6,2021,68,2,Linke,13566.30000
97,Port Peterstad,L6,2023,10, L ,"Kelly, Martinez and Alvarez",6971.60000
98,Fundão,L1,2019,3,light,"Hernandez, Garcia and Peck",19051.90000
99,Bautzen,L3,2020,15,L,Gomes S/A,14206.80000
100,Viseu,L6,2022,83,heavy,Schleich Heintze GmbH & Co. OHG,7889.00000
101,Füssen,L5,2019,27,light,Hentschel GmbH & Co. KGaA,19939.60000
102,Haldensleben,L6,2018,11,1,Segebahn Siering AG,21429.50000
103,Füssen,L2,2019,79,N,"Hernandez, Garcia and Peck",18935.50000
104,Port Heather,L2,2022,33, L ,Jäkel Kroker GmbH & Co. OHG,8905.90000
105,Roberthaven,L3,2022,4,1,Moura Cardoso Lda.,10226.00000
106,Dieburg,L6,2023,20,1,Sanders Group,5171.10000
107,München,L2,2022,34,1,Dörr,9192.50000
108,Odivelas,L1,2021,90,3,Schleich Heintze GmbH & Co. OHG,11361.30000
109,Mainburg,L2,2021,42,med,Sá e Filhos,12720.40000
110,Almeirim,L1,2016,41,N,Matias,29167.70000
111,Vila Real de Santo António,L5,2021,117,H,Hettner,11924.80000
112,Bautzen,L2,2023,62,med,Patberg Hering AG & Co. KGaA,6243.90000
113,Sintra,L6,2013,65,H,Schleich Heintze GmbH & Co. OHG,40967.30000
114,Rio Maior,L5,2014,57,heavy,Sá e Filhos,35876.30000
115,München,L1,2014,44, med ,Hettner,36993.90000
116,Almeirim,L6,2021,93,3,Moreira Melo Lda.,11674.80000
117,München,L4,2023,13,1,Jäkel Kroker GmbH & Co. OHG,4155.70000
118,Port Heather,L1,2022,114,H,Ferreira,7903.80000
119,Carrollburgh,L5,2021,53,normal,Jäkel Kroker GmbH & Co. OHG,12666.30000
120,Barcelos,L6,2021,35,L,"Hernandez, Garcia and Peck",10969.60000
121,Reguengos de Monsaraz,L3,2024,97,N,Machado,2978.70000
122,Port Stephanieburgh,L2,2022,27,light,Langern Eberth KG,9573.30000
123,Coimbra,L5,2020,117,H,"Hernandez, Garcia and Peck",15790.10000
124,Lüdenscheid,L4,2022,43,2,Pires,10218.40000
125,Heinsberg,L3,2022,15, light ,Jäntsch AG,10410.50000
126,São Mamede de Infesta,L4,2023,70,heavy,Antunes e Filhos,5388.40000
127,Rio Maior,L2,2023,33,light,Langern Eberth KG,6443.20000
128,Dieburg,L4,2022,42,normal,"Hernandez, Garcia and Peck",9431.60000
129,Mainburg,L5,2017,59,med,Textor Stiftung & Co. KG,24713.10000
130,Fundão,L5,2021,119,H,Schleich Heintze GmbH & Co. OHG,12111.00000
131,Cartermouth,L3,2018,34,1,Brown Group,21576.30000
132,Lake Michael,L6,2020,13,1,Maia,15177.10000
133,Lüdenscheid,L4,2021,98,heavy,"Kelly, Martinez and Alvarez",12761.00000
134,Port Peterstad,L6,2015,84,H,Paiva Monteiro S.A.,32863.30000
135,Estarreja,L5,2020,58,L,Pires,17148.00000
136,Odivelas,L5,2023,36,light,Linke,6338.70000
137,East Tommy,L2,2021,3,light,"Hernandez, Garcia and Peck",13046.00000
138,Odivelas,L6,2022,22,med,Segebahn Siering AG,10454.80000
139,Port Jasminebury,L6,2021,33,L,Butte AG,12894.90000
140,Dieburg,L2,2019,100,light,Maia,19123.00000
141,Haldensleben,L1,2022,34,light,Cruz,8065.70000
142,Dunnchester,L1,2022,55,normal,"Vazquez, Wright and Henry",7776.20000
143,Schweinfurt,L3,2019,88,heavy,Tavares S/A,17939.20000
144,Fundão,L4,2018,45, normal ,Segebahn Siering AG,24036.40000
145,Port Heather,L2,2021,77,N,Linke,12820.30000
146,Viseu,L6,2023,32,1,"Kelly, Martinez and Alvarez",5372.00000
147,Estarreja,L3,2022,31,L,Jäkel Kroker GmbH & Co. OHG,7461.30000
148,Reguengos de Monsaraz,L6,2022,78,med,Davidson-Johnson,7244.20000
149,Évora,L6,2023,118,heavy,Cole Group,5491.60000
150,Port Stephanieburgh,L5,2016,25,light,"Kelly, Martinez and Alvarez",28564.20000
151,Santa Maria da Feira,L5,2021,21,light,Cardoso,13105.30000
152,Laurenstad,L5,2022,62,2,"Hernandez, Garcia and Peck",7157.30000
153,München,L5,2020,71,light,Hettner,14099.00000
154,Hainichen,L3,2020,75,normal,Maia,15161.20000
155,Heinsberg,L3,2022,54,med,Sá e Filhos,9457.60000
156,Ponte de Sor,L5,2023,104,1,Maia,6844.40000
157,Bautzen,L5,2012,38,1,Antunes e Filhos,45000.00000
158,Caldas da Rainha,L4,2020,46,N,Dörr,14807.30000
159,Braga,L3,2020,58,med,Cole Group,16491.40000
160,Füssen,L3,2021,69,N,Cole Group,13655.70000
161,Odivelas,L2,2018,68,heavy,Textor Stiftung & Co. KG,21855.90000
162,Odivelas,L2,2021,47,normal,Cardoso,13613.80000
163,Elvas,L5,2022,37,L,Radisch Stadelmann Stiftung & Co. KG,8566.40000
164,Évora,L6,2012,0,light,Machado,45000.00000
165,Caldas da Rainha,L6,2019,23,L,Machado,20762.90000
166,Mêda,L3,2021,110,light,Jessel,
167,Seixal,L3,2022,97,heavy,Nguyen Group,10367.80000
168,Laurenstad,L5,2024,56,light,"Kelly, Martinez and Alvarez",2931.20000
169,Leiria,L1,2017,89,H,Brown Group,27019.70000
170,Caldas da Rainha,L3,2021,46,2,Paiva Monteiro S.A.,12243.90000
171,Barcelos,L4,2023,43,N,Butte AG,
172,Oberviechtach,L4,2020,14,light,Patberg Hering AG & Co. KGaA,17133.30000
173,Estarreja,L1,2022,11,1,Moreira Melo Lda.,9602.00000
174,Évora,L3,2019,32,light,Hettner,19454.80000
175,Reguengos de Monsaraz,L1,2018,108,L,Cole Group,23293.60000
176,Schweinfurt,L5,2023,71,heavy,Schleich Heintze GmbH & Co. OHG,
177,Dunnchester,L6,2019,72,heavy,Langern Eberth KG,19641.00000
178,Aue,L3,2020,36,L,Radisch Stadelmann Stiftung & Co. KG,16914.00000
179,Mêda,L4,2022,77,N,Jäntsch AG,9657.70000
180,Celle,L6,2021,20,light,Ferreira,10614.40000
181,Sintra,L5,2023,13,L,Maia,6896.70000
182,Davidsonland,L3,2022,87, H ,Sá e Filhos,7497.20000
183,Lüdenscheid,L1,2023,39,1,Nguyen Group,4907.30000
184,Sondershausen,L5,2021,8,L,Segebahn Siering AG,13485.20000
185,Port Jasminebury,L5,2022,118,L,Nguyen Group,7573.20000
186,Mêda,L3,2016,37,L,Ferreira,28765.40000
187,Port Peterstad,L1,2022,45,med,Sanders Group,9615.00000
188,Bischofswerda,L5,2018,65,N,Hentschel GmbH & Co. KGaA,21040.80000
189,Lüdenscheid,L2,2017,81,3,Maia,27054.30000
190,Caldas da Rainha,L6,2020,68,med,Butte AG,15388.40000
191,München,L3,2023,81,heavy,Moura Cardoso Lda.,5283.00000
192,Heinsberg,L2,2018,75,med,Hentschel GmbH & Co. KGaA,22580.90000
193,Celle,L5,2021,55,2,Kruschwitz Ditschlerin AG & Co. OHG,11155.50000
194,Davidsonland,L5,2019,92,heavy,Moreira Melo Lda.,18575.00000
195,Roberthaven,L6,2017,51,med,Paiva Monteiro S.A.,26242.70000
196,Ponte de Sor,L2,2020,88,3,Hentschel GmbH & Co. KGaA,15565.30000
197,Amora,L1,2021,105,L,Cole Group,13697.60000
198,Herzberg,L4,2020,61,L,Paiva Monteiro S.A.,15914.50000
199,Estarreja,L3,2023,116,1,Cole Group,4299.70000
200,Odivelas,L2,2020,89,H,"Hernandez, Garcia and Peck",15481.20000
201,Port Zacharyview,L3,2020,79,L,Langern Eberth KG,16393.70000
202,Almeirim,L6,2014,35,1,Mende Haering GmbH & Co. OHG,36557.60000
203,Bischofswerda,L1,2020,4, L ,Dörr,16756.30000
204,Port Jasminebury,L3,2018,10,L,Jessel,22212.20000
205,Celle,L6,2020,21, L ,Cruz,15191.40000
206,München,L5,2019,30, light ,Ferreira,19337.80000
207,Sintra,L3,2022,29,light,Paiva Monteiro S.A.,10408.90000
208,Aue,L3,2022,79,N,Gomes S/A,9031.60000
209,Mêda,L4,2022,41,med,Patberg Hering AG & Co. KGaA,8468.60000
210,Heinsberg,L4,2023,39,1,Tavares S/A,6589.50000
211,Füssen,L5,2014,49,normal,Patberg Hering AG & Co. KGaA,37955.50000
212,Reguengos de Monsaraz,L5,2016,118,3,Radisch Stadelmann Stiftung & Co. KG,28658.20000
213,Celle,L4,2021,7,1,Jäkel Kroker GmbH & Co. OHG,11985.70000
214,Vila Real de Santo António,L2,2014,32, light ,Schleich Heintze GmbH & Co. OHG,36377.60000
215,Port Zacharyview,L6,2020,46,2,Cruz,17071.10000
216,Port Stephanieburgh,L4,2023,84,L,Cruz,4985.40000
217,Viseu,L6,2016,50,2,Davidson-Johnson,30048.60000
218,Ponte de Sor,L2,2022,67,med,Maia,7361.00000
219,Laurenstad,L4,2021,56,2,Moura Cardoso Lda.,11938.60000
220,Lake Stephenville,L5,2022,21,H,Machado,7559.30000
221,Port Peterstad,L5,2021,57,N,Segebahn Siering AG,12006.60000
222,Sintra,L5,2017,8,1,Gomes S/A,
223,Port Zacharyview,L4,2018,35,light,"Kelly, Martinez and Alvarez",23903.20000
224,Amora,L3,2021,4,light,Cardoso,11071.00000
225,Bautzen,L4,2020,97,light,Dörr,16989.00000
226,Leiria,L1,2023,51,N,Textor Stiftung & Co. KG,6641.00000
227,Haldensleben,L3,2016,106,L,Cruz,29867.20000
228,Lake Stephenville,L3,2023,29,light,Mende Haering GmbH & Co. OHG,6767.80000
229,Reguengos de Monsaraz,L6,2020,68,med,Davidson-Johnson,15405.00000
230,Heinsberg,L5,2022,100,N,Mende Haering GmbH & Co. OHG,8272.10000
231,Leiria,L6,2019,76,2,Hettner,17693.50000
232,Almeirim,L6,2022,62,med,Maia,8909.20000
233,Tondela,L3,2018,51,N,Cole Group,21050.50000
234,Caldas da Rainha,L1,2021,41,2,Sanders Group,11515.40000
235,Barcelos,L6,2020,61,H,Pergande Hiller GmbH & Co. KG,15734.10000
236,Sintra,L5,2018,115,1,Cardoso,23781.40000
237,Odivelas,L1,2019,27,light,Nguyen Group,18331.40000
238,München,L6,2023,72,2,Kruschwitz Ditschlerin AG & Co. OHG,6307.50000
239,Lake Michael,L6,2013,43,med,Brown Group,40848.40000
240,Lixa,L5,2022,79,med,Paiva Monteiro S.A.,7367.70000
241,Elvas,L5,2021,76,2,Antunes e Filhos,12599.20000
242,Mainburg,L6,2020,69,N,Dörr,16461.90000
243,Dieburg,L4,2022,113,normal,"Vazquez, Wright and Henry",9975.10000
244,Fundão,L4,2017,36,L,Sanders Group,25405.20000
245,Amora,L3,2021,9,1,Paiva Monteiro S.A.,12661.70000
246,Füssen,L1,2021,7,light,Jäkel Kroker GmbH & Co. OHG,11026.70000
247,Davidsonland,L5,2018,75,heavy,Nguyen Group,22197.70000
248,Elvas,L4,2022,69,2,Gomes S/A,9868.70000
249,Oberviechtach,L2,2023,48,N,Cardoso,6644.30000
250,Sintra,L4,2018,99,H,Nguyen Group,22070.00000
251,Bischofswerda,L1,2013,53,heavy,"Hernandez, Garcia and Peck",38736.50000
252,East Tommy,L1,2019,35, 1 ,Jessel,18031.10000
253,Carrollburgh,L1,2022,117,H,Maia,9156.50000
254,Davidsonland,L2,2021,115,H,Mende Haering GmbH & Co. OHG,11700.40000
255,Santa Maria da Feira,L1,2023,26,1,Pires,5083.60000
256,Port Zacharyview,L2,2015,90,H,Linke,32946.70000
257,Carrollburgh,L5,2021,81,light,Pergande Hiller GmbH & Co. KG,10709.80000
258,Füssen,L3,2020,118,light,Sanders Group,15909.40000
259,Almeirim,L6,2020,59,normal,Antunes e Filhos,15265.70000
260,Herzberg,L4,2019,23,L,Maia,18318.90000
261,Ponte de Sor,L5,2022,82,H,"Vazquez, Wright and Henry",10347.70000
262,Haldensleben,L5,2023,17,L,Wilson PLC,6224.70000
263,Viseu,L6,2016,31,light,Sanders Group,28745.50000
264,Laurenstad,L6,2023,11,L,Gomes S/A,4061.10000
265,Ponte de Sor,L6,2022,100,H,Moura Cardoso Lda.,8830.50000
266,Santa Maria da Feira,L4,2019,40,med,Butte AG,19016.90000
267,Tondela,L2,2018,7,1,Sanders Group,
268,Lüdenscheid,L1,2017,25,light,Moura Cardoso Lda.,24909.80000
269,Cartermouth,L2,2022,49,2,Butte AG,
270,München,L1,2020,48,N,Moreira Melo Lda.,16000.10000
271,Carrollburgh,L4,2022,113,H,Machado,10362.20000
272,Vila Real de Santo António,L3,2022,17,light,Dörr,8353.70000
273,Mainburg,L1,2021,4,light,Jäntsch AG,
274,Carrollburgh,L5,2022,24,L,Radisch Stadelmann Stiftung & Co. KG,9773.10000
275,Almeirim,L3,2022,116,3,Cruz,7528.70000
276,Lüdenscheid,L2,2015,40,normal,Paiva Monteiro S.A.,32104.60000
277,Heinsberg,L2,2022,36,L,Dörr,
278,Mainburg,L2,2019,83,normal,Pergande Hiller GmbH & Co. KG,20884.50000
279,Roberthaven,L2,2022,70,2,Maia,9770.30000
280,Amora,L4,2012,47,med,Cardoso,45000.00000
281,Hainichen,L2,2023,107,L,Jessel,5672.60000
282,Lindseymouth,L1,2020,50,normal,"Kelly, Martinez and Alvarez",14061.20000
283,Dunnchester,L5,2017,16, light ,Nguyen Group,26173.80000
284,Füssen,L1,2021,115,1,Cruz,13035.10000
285,Haldensleben,L1,2019,11,L,Jäntsch AG,19966.10000
286,Santa Maria da Feira,L1,2023,29, L ,"Hernandez, Garcia and Peck",6172.70000
287,Almeirim,L2,2022,16,light,Jäntsch AG,7709.10000
288,Heinsberg,L5,2021,104,L,"Kelly, Martinez and Alvarez",11363.00000
289,Lixa,L5,2022,72,2,Cruz,9853.50000
290,Davidsonland,L5,2023,33,light,Cole Group,4539.30000
291,Amora,L2,2018,52,N,Hentschel GmbH & Co. KGaA,22773.40000
292,Aue,L2,2022,44,2,Segebahn Siering AG,9538.70000
293,Hainichen,L3,2021,106,3,Schleich Heintze GmbH & Co. OHG,10539.60000
294,Lixa,L2,2019,107,heavy,Cruz,18341.20000
295,Rio Maior,L1,2019,11,1,Matias,18497.00000
296,Lixa,L2,2020,63,med,"Vazquez, Wright and Henry",17411.80000
297,Mainburg,L5,2023,103,3,Gomes S/A,6739.60000
298,Amora,L2,2023,70,2,Hentschel GmbH & Co. KGaA,6383.80000
299,Lixa,L4,2024,55,2,Antunes e Filhos,3250.80000
300,Heinsberg,L4,2022,53,normal,Wilson PLC,7017.20000
301,Odivelas,L3,2023,11,light,Butte AG,5900.40000
302,Sintra,L5,2022,56,1,Antunes e Filhos,10217.10000
303,Amora,L1,2018,17,L,Moreira Melo Lda.,21626.40000
304,East Tommy,L2,2016,86,3,Linke,29557.40000
305,Laurenstad,L5,2022,113,3,Patberg Hering AG & Co. KGaA,9054.40000
306,Laurenstad,L6,2022,75,3,Segebahn Siering AG,9742.50000
307,Aue,L2,2022,66,2,Wilson PLC,8059.70000
308,Celle,L5,2022,79,2,"Kelly, Martinez and Alvarez",9370.20000
309,Fundão,L2,2021,41,N,Hentschel GmbH & Co. KGaA,11098.20000
310,Cartermouth,L4,2023,117,H,Segebahn Siering AG,5501.10000
311,Braga,L3,2023,15,L,Gomes S/A,4476.20000
312,Port Stephanieburgh,L1,2019,29,L,Sanders Group,18130.70000
313,Almeirim,L5,2022,37,1,Tavares S/A,8962.30000
314,Lixa,L1,2016,114,3,Maia,29594.10000
315,Füssen,L2,2017,56,N,"Hernandez, Garcia and Peck",26275.30000
316,Reguengos de Monsaraz,L5,2022,108,3,"Hernandez, Garcia and Peck",9097.90000
317,Évora,L6,2012,25, light ,Textor Stiftung & Co. KG,43847.10000
318,Seixal,L1,2018,64,med,Matias,21780.50000
319,Schweinfurt,L4,2023,1,N,Schleich Heintze GmbH & Co. OHG,6640.40000
320,Laurenstad,L5,2022,11,N,Sanders Group,7653.80000
321,East Tommy,L1,2018,20,light,Matias,21256.80000
322,Rio Maior,L4,2022,26,3,Sá e Filhos,10272.30000
323,Heinsberg,L2,2021,18,3,Radisch Stadelmann Stiftung & Co. KG,10512.20000
324,Heinsberg,L5,2020,28,3,Nguyen Group,15815.40000
325,Heinsberg,L5,2018,66,med,Schleich Heintze GmbH & Co. OHG,21979.60000
326,Lake Stephenville,L3,2021,24,light,Pergande Hiller GmbH & Co. KG,13331.00000
327,Oberviechtach,L3,2024,36,light,"Vazquez, Wright and Henry",2761.00000
328,Tondela,L6,2020,78,N,Davidson-Johnson,15447.90000
329,Caldas da Rainha,L6,2017,102,1,Moura Cardoso Lda.,27409.50000
330,Elvas,L1,2020,4,L,Mende Haering GmbH & Co. OHG,17133.50000
331,Barcelos,L3,2020,17,1,Segebahn Siering AG,14276.00000
332,Seixal,L1,2020,11,med,Antunes e Filhos,14085.80000
333,Laurenstad,L4,2023,113,3,Antunes e Filhos,6733.70000
334,Braga,L2,2021,14,L,Moura Cardoso Lda.,11785.60000
335,Elvas,L6,2021,87,1,Langern Eberth KG,11263.60000
336,Fundão,L1,2022,112,heavy,Pergande Hiller GmbH & Co. KG,7793.90000
337,Laurenstad,L4,2021,20,L,Cardoso,12698.20000
338,Herzberg,L1,2017,91,L,Linke,
339,Estarreja,L5,2022,30,L,Cardoso,7882.30000
340,Sintra,L6,2021,35,1,Mende Haering GmbH & Co. OHG,13455.50000
341,Coimbra,L1,2022,71, 2 ,Butte AG,
342,Almeirim,L6,2023,7,light,Cardoso,4796.10000
343,Sintra,L6,2018,40,2,Antunes e Filhos,
344,Mêda,L5,2023,101,heavy,Pires,4118.30000
345,Sintra,L3,2021,25,1,Sanders Group,10785.80000
346,Évora,L5,2022,52,med,Cole Group,8439.60000
347,Einbeck,L1,2020,31,L,Radisch Stadelmann Stiftung & Co. KG,16036.20000
348,Oberviechtach,L3,2019,14,1,Cardoso,17953.50000
349,Port Jasminebury,L6,2022,73,2,Jäntsch AG,7738.80000
350,Viseu,L3,2020,77,3,Matias,
351,Rachelton,L2,2024,35,L,Davidson-Johnson,3447.50000
352,Einbeck,L2,2021,103,heavy,Brown Group,12882.20000
353,Heinsberg,L1,2023,59,normal,Pires,6531.00000
354,Bischofswerda,L3,2022,70,med,Sá e Filhos,9765.90000
355,Lindseymouth,L5,2023,7,normal,Segebahn Siering AG,6014.20000
356,Viseu,L2,2022,40,normal,Pergande Hiller GmbH & Co. KG,8432.90000
357,Évora,L6,2023,3,light,Hentschel GmbH & Co. KGaA,6526.80000
358,Einbeck,L3,2021,56,N,Textor Stiftung & Co. KG,13345.50000
359,Füssen,L2,2021,8,light,Tavares S/A,11135.60000
360,Odivelas,L4,2019,45,L,Davidson-Johnson,17713.80000
361,Ponte de Sor,L1,2022,47,2,Cole Group,
362,Estarreja,L3,2019,3,1,Cruz,17917.30000
363,Lüdenscheid,L2,2022,96,heavy,Maia,7224.00000
364,Port Peterstad,L5,2021,21,med,"Vazquez, Wright and Henry",12144.10000
365,Port Stephanieburgh,L6,2017,86,3,Jäntsch AG,24781.00000
366,Rio Maior,L2,2015,35,1,Davidson-Johnson,32444.20000
367,Dunnchester,L6,2019,78,med,"Kelly, Martinez and Alvarez",20676.60000
368,Port Peterstad,L4,2021,53,N,Paiva Monteiro S.A.,11155.70000
369,Abrantes,L4,2012,15,light,Kruschwitz Ditschlerin AG & Co. OHG,45000.00000
370,München,L5,2022,1, light ,Hentschel GmbH & Co. KGaA,9137.50000
371,Port Heather,L5,2018,8,light,Gomes S/A,21495.20000
372,Port Jasminebury,L6,2023,90,heavy,Machado,
373,Elvas,L6,2023,80, med ,Mende Haering GmbH & Co. OHG,5677.80000
374,Celle,L4,2022,108, 3 ,Kruschwitz Ditschlerin AG & Co. OHG,7742.10000
375,Estarreja,L1,2023,107,heavy,Kruschwitz Ditschlerin AG & Co. OHG,4397.50000
376,Reguengos de Monsaraz,L5,2022,20,1,Textor Stiftung & Co. KG,7409.10000
377,Hainichen,L2,2020,48,N,Sanders Group,17442.80000
378,Port Peterstad,L4,2021,56,3,Textor Stiftung & Co. KG,11735.10000
379,Laurenstad,L4,2022,68,normal,Moura Cardoso Lda.,8745.30000
380,Lake Michael,L4,2023,27,light,Hentschel GmbH & Co. KGaA,5236.00000
381,Évora,L4,2022,55,med,Mende Haering GmbH & Co. OHG,8312.50000
382,Haldensleben,L4,2014,23,light,Jäntsch AG,36811.20000
383,Roberthaven,L5,2022,13,1,Sanders Group,7119.30000
384,Santa Maria da Feira,L4,2012,84,H,Pires,
385,Herzberg,L4,2022,91, light ,Matias,9417.10000
386,Reguengos de Monsaraz,L6,2017,45,N,Sá e Filhos,26535.20000
387,Port Peterstad,L5,2020,87,3,Davidson-Johnson,16304.10000
388,Fundão,L3,2022,52,N,Pergande Hiller GmbH & Co. KG,7699.10000
389,Port Heather,L1,2023,6,1,Patberg Hering AG & Co. KGaA,6182.20000
390,Rachelton,L1,2019,61,N,Machado,18359.10000
391,Laurenstad,L1,2020,7,light,Pires,14021.60000
392,Lixa,L4,2019,26,light,Cole Group,19475.50000
393,Oberviechtach,L6,2021,83,light,"Hernandez, Garcia and Peck",12757.30000
394,Dieburg,L5,2020,26,light,Antunes e Filhos,15701.20000
395,Port Zacharyview,L5,2020,90,heavy,Brown Group,14273.90000
396,Cartermouth,L4,2018,82,N,Mende Haering GmbH & Co. OHG,23425.60000
397,München,L4,2020,31,light,Cruz,16818.00000
398,Hainichen,L2,2021,63,2,Segebahn Siering AG,11501.80000
399,Viseu,L1,2021,4, 1 ,Hentschel GmbH & Co. KGaA,12841.10000
400,Amora,L6,2021,51,med,Butte AG,11394.60000
401,Oberviechtach,L1,2020,13,1,Cole Group,14746.20000
402,Odivelas,L3,2019,71,2,Butte AG,20941.60000
403,München,L1,2020,83,H,Dörr,15232.20000
404,Carrollburgh,L3,2020,58,N,Mende Haering GmbH & Co. OHG,15857.40000
405,Lüdenscheid,L5,2021,24,light,Kruschwitz Ditschlerin AG & Co. OHG,11755.50000
406,Sondershausen,L6,2022,59,2,Cole Group,8414.10000
407,Füssen,L3,2023,94,heavy,Ferreira,6870.80000
408,Herzberg,L2,2023,64,N,Jäkel Kroker GmbH & Co. OHG,5832.80000
409,Einbeck,L1,2023,22,H,Jäkel Kroker GmbH & Co. OHG,5102.60000
410,Fundão,L5,2021,78, med ,Sanders Group,13962.00000
411,Amora,L1,2022,65,L,Mende Haering GmbH & Co. OHG,8209.00000
412,Mêda,L6,2018,17,1,Radisch Stadelmann Stiftung & Co. KG,24146.90000
413,Aue,L4,2022,65,2,Moura Cardoso Lda.,8159.50000
414,Hainichen,L5,2014,56,1,Tavares S/A,37015.30000
415,Elvas,L4,2022,78,normal,Jessel,8968.40000
416,São Mamede de Infesta,L3,2021,70,light,Jäntsch AG,10640.10000
417,Viseu,L6,2022,44,N,Segebahn Siering AG,7132.60000
418,Sondershausen,L4,2022,107,heavy,Paiva Monteiro S.A.,9559.50000
419,Aue,L4,2022,97,3,Sanders Group,
420,München,L3,2021,15,light,Radisch Stadelmann Stiftung & Co. KG,13284.90000
421,Bischofswerda,L3,2020,62, med ,Jäntsch AG,16480.60000
422,Schweinfurt,L5,2020,18,light,Jäntsch AG,15764.70000
423,Rachelton,L2,2022,89,heavy,Nguyen Group,
424,Hainichen,L5,2022,71,normal,Pergande Hiller GmbH & Co. KG,7341.00000
425,São Mamede de Infesta,L5,2022,89, 3 ,Cruz,10186.00000
426,Mêda,L1,2019,111,3,Sá e Filhos,20896.20000
427,Barcelos,L4,2018,22,1,Nguyen Group,22584.70000
428,Davidsonland,L2,2019,49,2,Textor Stiftung & Co. KG,20483.20000
429,Einbeck,L6,2015,91,heavy,"Hernandez, Garcia and Peck",33105.60000
430,Almeirim,L1,2021,69,light,Maia,12652.50000
431,Haldensleben,L5,2022,44,light,Hentschel GmbH & Co. KGaA,7722.70000
432,Estarreja,L4,2024,53,2,Ferreira,3201.60000
433,Port Zacharyview,L2,2022,50,2,Antunes e Filhos,8958.30000
434,Vila Real de Santo António,L1,2020,46,med,Langern Eberth KG,14794.00000
435,Rio Maior,L6,2022,17,1,Jäkel Kroker GmbH & Co. OHG,8467.90000
436,Barcelos,L4,2022,65,normal,Mende Haering GmbH & Co. OHG,9256.40000
437,Elvas,L5,2022,85,heavy,Langern Eberth KG,7963.30000
438,Braga,L1,2022,35,2,Kruschwitz Ditschlerin AG & Co. OHG,7006.00000
439,Mêda,L1,2021,52,2,Moreira Melo Lda.,10503.10000
440,East Tommy,L6,2022,61,normal,Antunes e Filhos,8878.40000
441,Odivelas,L3,2020,30,1,Jäkel Kroker GmbH & Co. OHG,17497.10000
442,Reguengos de Monsaraz,L6,2021,117,med,Sá e Filhos,12740.70000
443,Port Heather,L5,2021,7,med,Pergande Hiller GmbH & Co. KG,12383.30000
444,Lake Michael,L1,2022,62,N,Kruschwitz Ditschlerin AG & Co. OHG,8901.60000
445,Santa Maria da Feira,L5,2020,81,heavy,"Hernandez, Garcia and Peck",16229.50000
446,Évora,L3,2022,75,N,Jäntsch AG,7985.00000
447,Lixa,L5,2023,34,1,Nguyen Group,6149.30000
448,Bischofswerda,L3,2014,33,L,Jäkel Kroker GmbH & Co. OHG,37383.90000
449,Lixa,L6,2015,22,1,Radisch Stadelmann Stiftung & Co. KG,33308.10000
450,Roberthaven,L5,2022,4,light,Butte AG,8309.60000
451,Bischofswerda,L3,2024,18, light ,Paiva Monteiro S.A.,1605.70000
452,Laurenstad,L5,2018,85,3,Cruz,21003.30000
453,Dunnchester,L3,2022,23, 1 ,Mende Haering GmbH & Co. OHG,9546.60000
454,Lindseymouth,L4,2019,3,light,Jäntsch AG,18762.20000
455,Braga,L5,2024,18,1,Brown Group,3315.20000
456,Schweinfurt,L4,2023,61,med,Tavares S/A,5589.50000
457,Caldas da Rainha,L6,2022,42,H,Radisch Stadelmann Stiftung & Co. KG,
458,Reguengos de Monsaraz,L6,2023,112,3,Segebahn Siering AG,4452.80000
459,Dieburg,L6,2022,82,3,Maia,9757.60000
460,Sondershausen,L3,2022,6,light,Gomes S/A,10122.00000
461,Évora,L1,2023,57,med,Machado,6833.20000
462,Herzberg,L1,2018,87,L,Dörr,22719.20000
463,Hainichen,L6,2021,60,2,Jäntsch AG,13688.70000
464,Tondela,L4,2022,10,3,Linke,10471.50000
465,Elvas,L4,2019,31,1,Butte AG,
466,Bischofswerda,L2,2023,14,1,Cole Group,4715.10000
467,Leiria,L1,2020,23,1,Textor Stiftung & Co. KG,16113.30000
468,Ponte de Sor,L6,2023,13,L,Textor Stiftung & Co. KG,5239.20000
469,Oberviechtach,L6,2020,86,3,Schleich Heintze GmbH & Co. OHG,16570.80000
470,Herzberg,L1,2021,115,H,Moreira Melo Lda.,12021.80000
471,Bischofswerda,L2,2021,17,light,Mende Haering GmbH & Co. OHG,10847.90000
472,München,L6,2022,89,H,"Kelly, Martinez and Alvarez",9203.40000
473,Port Zacharyview,L4,2023,20,1,Maia,6423.30000
474,Dunnchester,L6,2020,100,1,Schleich Heintze GmbH & Co. OHG,16444.80000
475,Einbeck,L5,2022,17, 1 ,Segebahn Siering AG,7220.60000
476,Mêda,L1,2022,44,N,Jessel,8043.90000
477,Roberthaven,L6,2019,98,H,Kruschwitz Ditschlerin AG & Co. OHG,19828.90000
478,Dunnchester,L6,2016,95,heavy,Cruz,
479,Estarreja,L1,2023,42,heavy,Brown Group,4875.60000
480,Amora,L6,2023,26,heavy,Linke,3741.20000
481,Rachelton,L4,2018,61,med,"Kelly, Martinez and Alvarez",21026.60000
482,Oberviechtach,L4,2021,11,light,Brown Group,10853.40000
483,Abrantes,L2,2016,58,2,Pergande Hiller GmbH & Co. KG,28979.60000
484,Odivelas,L5,2023,54,med,Maia,4772.00000
485,Leiria,L6,2023,54,N,Moreira Melo Lda.,5313.30000
486,Lake Stephenville,L1,2021,63,2,Patberg Hering AG & Co. KGaA,13455.10000
487,Davidsonland,L5,2023,66,N,Textor Stiftung & Co. KG,4519.70000
488,Abrantes,L5,2023,19,1,Davidson-Johnson,6584.20000
489,Haldensleben,L5,2023,32,light,Sanders Group,
490,Braga,L6,2021,31, L ,Schleich Heintze GmbH & Co. OHG,10847.70000
491,Caldas da Rainha,L5,2022,102,heavy,Textor Stiftung & Co. KG,9527.30000
492,München,L2,2019,89,H,Antunes e Filhos,20735.70000
493,Almeirim,L6,2021,34,light,Ferreira,10837.00000
494,Port Peterstad,L6,2019,70,1,Gomes S/A,18744.50000
495,Santa Maria da Feira,L3,2021,45,L,Hentschel GmbH & Co. KGaA,11926.60000
496,Sintra,L3,2023,95,3,Nguyen Group,6348.20000
497,München,L4,2021,14,normal,Butte AG,11462.60000
498,Lixa,L6,2020,89,heavy,Davidson-Johnson,17493.80000
499,Bischofswerda,L6,2022,108,heavy,Pires,10251.00000
500,Roberthaven,L6,2020,108,H,Wilson PLC,17472.20000
501,Barcelos,L2,2018,87, 1 ,Hentschel GmbH & Co. KGaA,22700.00000
502,Port Heather,L6,2018,91,L,Kruschwitz Ditschlerin AG & Co. OHG,23964.90000
503,Roberthaven,L6,2014,19,light,Moreira Melo Lda.,37001.20000
504,Cartermouth,L3,2019,27,light,Moreira Melo Lda.,18383.00000
505,Haldensleben,L2,2021,26,L,Tavares S/A,12292.00000
506,München,L6,2017,17,L,"Vazquez, Wright and Henry",24513.60000
507,Cartermouth,L6,2021,7,L,Moreira Melo Lda.,11127.00000
508,Herzberg,L6,2023,1,L,Machado,6968.10000
509,Füssen,L2,2015,55,2,Cardoso,33060.40000
510,Lake Stephenville,L4,2018,59,N,Paiva Monteiro S.A.,23400.30000
511,Port Stephanieburgh,L1,2022,34,light,"Hernandez, Garcia and Peck",8303.40000
512,Mainburg,L5,2020,6,1,"Hernandez, Garcia and Peck",16332.60000
513,Vila Real de Santo António,L4,2020,89,H,Jessel,15745.60000
514,Port Peterstad,L3,2012,65,med,Machado,
515,Bischofswerda,L5,2013,58,2,Radisch Stadelmann Stiftung & Co. KG,40395.10000
516,Barcelos,L5,2023,18,L,Hentschel GmbH & Co. KGaA,3858.50000
517,Haldensleben,L3,2020,36, light ,Moura Cardoso Lda.,15723.70000
518,Évora,L4,2022,43,3,Sá e Filhos,8110.00000
519,Sondershausen,L4,2020,0,L,Brown Group,17313.40000
520,Fundão,L3,2021,66,normal,Cruz,
521,Viseu,L3,2023,77,2,Maia,4944.60000
522,Braga,L2,2020,1,L,Patberg Hering AG & Co. KGaA,16088.70000
523,Estarreja,L3,2022,6,1,Sanders Group,7526.60000
524,Tondela,L2,2023,19,L,Segebahn Siering AG,3896.90000
525,Herzberg,L3,2017,22,light,Moreira Melo Lda.,27318.10000
526,Reguengos de Monsaraz,L2,2020,0,light,Nguyen Group,16163.80000
527,Rio Maior,L3,2023,54,2,Paiva Monteiro S.A.,
528,Bautzen,L4,2019,102,light,Hettner,18427.30000
529,München,L3,2021,11,L,Matias,
530,Almeirim,L3,2020,88,med,Machado,15064.00000
531,Leiria,L1,2021,12,light,Antunes e Filhos,12129.70000
532,Lixa,L1,2022,79,normal,Textor Stiftung & Co. KG,9605.70000
533,Évora,L2,2022,46,light,Maia,7533.60000
534,Viseu,L6,2022,96,normal,Gomes S/A,7951.30000
535,East Tommy,L1,2020,72,H,Cruz,15057.60000
536,Dunnchester,L5,2020,11,1,Paiva Monteiro S.A.,15651.00000
537,Heinsberg,L5,2021,18,light,Machado,13132.60000
538,Oberviechtach,L5,2019,116,H,Nguyen Group,18502.20000
539,Heinsberg,L6,2022,3,med,Jäntsch AG,10422.70000
540,São Mamede de Infesta,L3,2018,84,heavy,Gomes S/A,22367.50000
541,Reguengos de Monsaraz,L5,2022,114,heavy,Linke,9730.40000
542,Laurenstad,L2,2022,41,2,Hettner,9224.00000
543,Hainichen,L6,2020,115,2,"Kelly, Martinez and Alvarez",17445.30000
544,Port Heather,L6,2019,49,normal,Cole Group,20324.60000
545,Bischofswerda,L1,2020,55,2,Nguyen Group,14990.40000
546,Seixal,L5,2013,23,2,Moura Cardoso Lda.,41893.70000
547,Fundão,L1,2020,19,L,Cole Group,17201.90000
548,Einbeck,L6,2016,1,1,Hettner,30765.80000
549,Mainburg,L1,2013,69,med,Gomes S/A,39470.60000
550,München,L3,2019,55, H ,Schleich Heintze GmbH & Co. OHG,19705.80000
551,Einbeck,L6,2018,36,1,Hettner,22040.80000
552,Schweinfurt,L2,2017,106,3,Butte AG,25831.00000
553,Herzberg,L1,2021,42,normal,Moura Cardoso Lda.,12631.20000
554,Bischofswerda,L2,2022,39,normal,Jäkel Kroker GmbH & Co. OHG,
555,Caldas da Rainha,L3,2021,27,N,"Hernandez, Garcia and Peck",13968.50000
556,Lake Michael,L5,2018,72,2,Pires,21291.80000
557,Hainichen,L4,2022,2,L,Patberg Hering AG & Co. KGaA,8061.70000
558,Lindseymouth,L5,2018,48,2,Cruz,22050.20000
559,Seixal,L2,2019,100,H,Dörr,17880.70000
560,Amora,L1,2019,64,N,Davidson-Johnson,20951.60000
561,Haldensleben,L3,2013,26, H ,Patberg Hering AG & Co. KGaA,39411.60000
562,Leiria,L1,2023,72,light,Dörr,3886.20000
563,Leiria,L3,2020,57,H,Langern Eberth KG,16191.20000
564,Davidsonland,L5,2016,106,N,Wilson PLC,31438.70000
565,Abrantes,L4,2023,12,1,Butte AG,
566,Ponte de Sor,L3,2022,88,H,"Kelly, Martinez and Alvarez",8662.60000
567,Santa Maria da Feira,L3,2020,99,3,Moura Cardoso Lda.,16171.30000
568,Estarreja,L3,2018,74,normal,Cruz,21716.50000
569,Cartermouth,L6,2016,116,2,Dörr,29601.60000
570,Lake Stephenville,L1,2021,31,1,Cole Group,13078.20000
571,Lake Michael,L1,2023,39,L,Butte AG,5604.00000
572,Reguengos de Monsaraz,L3,2021,47,2,Cardoso,12916.50000
573,Einbeck,L2,2022,82,1,Davidson-Johnson,8161.20000
574,Sintra,L5,2022,59,2,Maia,8600.70000
575,Braga,L3,2020,53,normal,Dörr,16005.80000
576,Lindseymouth,L2,2016,102,3,Cardoso,29876.30000
577,Braga,L5,2021,0,1,Pergande Hiller GmbH & Co. KG,10696.10000
578,Bischofswerda,L3,2021,18,L,Jäntsch AG,11151.00000
579,Almeirim,L2,2019,108,H,Nguyen Group,
580,Lüdenscheid,L5,2022,86,3,Textor Stiftung & Co. KG,7906.40000
581,Viseu,L6,2024,26,L,Moreira Melo Lda.,3420.00000
582,Tondela,L4,2018,82,H,Sá e Filhos,23946.60000
583,Laurenstad,L6,2023,39,light,Maia,6840.30000
584,Rachelton,L3,2018,58,med,Antunes e Filhos,22454.00000
585,Cartermouth,L5,2014,63,normal,Cruz,36924.70000
586,Lindseymouth,L5,2018,23,L,Butte AG,23766.60000
587,Elvas,L1,2012,115,L,"Hernandez, Garcia and Peck",45000.00000
588,Elvas,L2,2018,106,2,Sanders Group,21814.20000
589,Heinsberg,L4,2023,21,H,Segebahn Siering AG,5741.60000
590,Sondershausen,L6,2022,112,1,Butte AG,9924.70000
591,Port Peterstad,L6,2021,97,3,"Vazquez, Wright and Henry",13845.80000
592,Davidsonland,L4,2016,93,3,Matias,29319.00000
593,Lake Stephenville,L5,2024,104,3,Gomes S/A,3448.60000
594,Port Jasminebury,L3,2023,9,2,Ferreira,5889.50000
595,Lixa,L1,2020,15,L,Jäkel Kroker GmbH & Co. OHG,15067.00000
596,Carrollburgh,L5,2016,38,L,Jessel,30735.40000
597,Barcelos,L2,2023,27,1,Patberg Hering AG & Co. KGaA,4178.10000
598,Einbeck,L3,2022,22,med,"Kelly, Martinez and Alvarez",9801.50000
599,Carrollburgh,L4,2020,7, heavy ,Hentschel GmbH & Co. KGaA,16817.50000
600,Port Jasminebury,L3,2023,65,2,Jessel,6800.20000
601,Aue,L5,2014,38,L,Butte AG,35680.00000
602,Aue,L3,2021,97,heavy,Pires,12519.20000
603,Füssen,L4,2022,52,H,Moura Cardoso Lda.,9323.50000
604,München,L3,2018,14,light,Langern Eberth KG,21775.70000
605,Haldensleben,L3,2023,58,med,Pergande Hiller GmbH & Co. KG,
606,São Mamede de Infesta,L3,2012,94,H,Maia,43146.00000
607,Lixa,L4,2020,45,H,Langern Eberth KG,15296.20000
608,Cartermouth,L1,2023,53, light ,Cardoso,6042.40000
609,East Tommy,L3,2017,45, normal ,Jessel,26741.20000
610,Almeirim,L1,2021,43,med,Brown Group,11155.50000
611,Braga,L3,2021,24,1,Gomes S/A,12172.60000
612,Herzberg,L3,2022,64,light,"Kelly, Martinez and Alvarez",7324.50000
613,East Tommy,L5,2019,19,2,Paiva Monteiro S.A.,20819.40000
614,München,L3,2023,14,2,Sanders Group,6344.90000
615,Bautzen,L4,2021,33,light,Jessel,12118.90000
616,East Tommy,L3,2019,84,H,Schleich Heintze GmbH & Co. OHG,18106.20000
617,São Mamede de Infesta,L4,2022,4,L,Sá e Filhos,8989.70000
618,Caldas da Rainha,L6,2019,7,1,Antunes e Filhos,19778.00000
619,Coimbra,L6,2020,85,heavy,Jäkel Kroker GmbH & Co. OHG,15233.50000
620,Odivelas,L2,2014,75, normal ,Hentschel GmbH & Co. KGaA,38489.90000
621,Évora,L5,2022,70,med,Brown Group,9738.30000
622,Port Peterstad,L5,2012,11,L,Pires,43943.60000
623,München,L6,2019,72,normal,Patberg Hering AG & Co. KGaA,19169.10000
624,Einbeck,L5,2023,8,L,Cole Group,3583.00000
625,Caldas da Rainha,L2,2023,105,3,Dörr,6073.20000
626,Lüdenscheid,L1,2018,84,normal,Antunes e Filhos,24350.20000
627,Rio Maior,L5,2017,24,L,Ferreira,26500.90000
628,Fundão,L2,2023,85,2,Schleich Heintze GmbH & Co. OHG,4738.30000
629,Cartermouth,L4,2023,31,L,"Kelly, Martinez and Alvarez",5422.30000
630,Mêda,L3,2022,34,H,Cardoso,9302.80000
631,Rachelton,L6,2022,100, heavy ,Moura Cardoso Lda.,8256.30000
632,Cartermouth,L6,2022,53, 1 ,Cole Group,10099.20000
633,Lixa,L6,2023,75,N,Davidson-Johnson,4366.40000
634,Heinsberg,L3,2021,101,3,Wilson PLC,13662.10000
635,Dunnchester,L2,2022,94,3,Paiva Monteiro S.A.,9866.40000
636,Vila Real de Santo António,L6,2014,79,N,"Hernandez, Garcia and Peck",36790.00000
637,Cartermouth,L5,2020,72,normal,Textor Stiftung & Co. KG,15995.80000
638,Évora,L3,2023,68,2,Pergande Hiller GmbH & Co. KG,3688.60000
639,Évora,L6,2013,103,H,Patberg Hering AG & Co. KGaA,
640,Vila Real de Santo António,L2,2018,9,1,"Hernandez, Garcia and Peck",21602.00000
641,Évora,L2,2020,82,light,Mende Haering GmbH & Co. OHG,15014.70000
642,Lixa,L2,2022,106,light,Paiva Monteiro S.A.,7556.80000
643,Almeirim,L2,2023,27,N,Wilson PLC,6486.80000
644,Schweinfurt,L5,2021,117,3,Hettner,13088.20000
645,Laurenstad,L3,2017,40,2,Radisch Stadelmann Stiftung & Co. KG,24749.40000
646,Seixal,L2,2023,2,med,Jäntsch AG,5137.10000
647,Vila Real de Santo António,L2,2022,18,L,Langern Eberth KG,8721.40000
648,Schweinfurt,L1,2022,1,L,Jessel,9522.00000
649,Viseu,L5,2023,37,light,"Hernandez, Garcia and Peck",6959.60000
650,Almeirim,L4,2021,53,2,Nguyen Group,10601.80000
651,Port Heather,L5,2020,83,3,Cardoso,16208.70000
652,Évora,L1,2022,58,N,Segebahn Siering AG,
653,Vila Real de Santo António,L6,2018,7,L,Jessel,22666.90000
654,Cartermouth,L3,2024,46,heavy,Schleich Heintze GmbH & Co. OHG,3324.10000
655,Lixa,L4,2019,34,1,Nguyen Group,17941.80000
656,Viseu,L4,2017,51, 2 ,Davidson-Johnson,25364.10000
657,Einbeck,L6,2019,77,med,Patberg Hering AG & Co. KGaA,19721.30000
658,Heinsberg,L1,2017,36,light,Antunes e Filhos,27536.80000
659,East Tommy,L6,2021,68,N,Antunes e Filhos,11189.60000
660,Hainichen,L6,2013,19,1,Sá e Filhos,41020.10000
661,Heinsberg,L4,2019,1,light,Tavares S/A,19456.80000
662,Laurenstad,L2,2019,103,heavy,Cardoso,18028.00000
663,Santa Maria da Feira,L5,2023,35,light,Cole Group,4459.40000
664,Mainburg,L6,2022,25, 1 ,Segebahn Siering AG,9183.50000
665,Almeirim,L4,2021,92,heavy,Jäkel Kroker GmbH & Co. OHG,12966.00000
666,Amora,L4,2021,111,med,Pergande Hiller GmbH & Co. KG,12973.20000
667,Roberthaven,L1,2019,71,N,Machado,19202.30000
668,Viseu,L3,2023,95,heavy,Kruschwitz Ditschlerin AG & Co. OHG,4775.10000
669,Évora,L5,2020,76, 3 ,Hettner,16369.50000
670,Heinsberg,L3,2021,69,N,"Kelly, Martinez and Alvarez",12440.30000
671,Évora,L6,2015,54,2,Radisch Stadelmann Stiftung & Co. KG,34292.20000
672,Odivelas,L1,2023,13,2,Sanders Group,4670.30000
673,Abrantes,L1,2019,53, normal ,Nguyen Group,18776.00000
674,Dieburg,L2,2018,45,med,Radisch Stadelmann Stiftung & Co. KG,22462.10000
675,Lindseymouth,L6,2021,16,1,"Kelly, Martinez and Alvarez",11339.10000
676,Elvas,L1,2017,99,L,Maia,26957.90000
677,Ponte de Sor,L4,2021,29,light,Sá e Filhos,10802.40000
678,Elvas,L2,2022,59,med,Matias,
679,Caldas da Rainha,L5,2019,41,N,Davidson-Johnson,20253.20000
680,Sondershausen,L6,2016,72,N,Paiva Monteiro S.A.,31066.10000
681,Abrantes,L3,2019,39,1,Davidson-Johnson,19021.80000
682,Fundão,L5,2020,79, normal ,Kruschwitz Ditschlerin AG & Co. OHG,14641.60000
683,Seixal,L6,2020,21,L,Segebahn Siering AG,16864.90000
684,Barcelos,L6,2020,62,2,Wilson PLC,15070.90000
685,Coimbra,L4,2020,35,L,Davidson-Johnson,17085.30000
686,Oberviechtach,L2,2019,90,H,"Vazquez, Wright and Henry",20733.00000
687,Einbeck,L3,2022,109,3,Moreira Melo Lda.,7623.80000
688,Abrantes,L2,2016,63,N,Brown Group,28082.80000
689,Coimbra,L4,2021,64,med,Radisch Stadelmann Stiftung & Co. KG,13732.70000
690,Vila Real de Santo António,L1,2023,6, 1 ,"Kelly, Martinez and Alvarez",5213.00000
691,Lake Stephenville,L6,2021,36,3,Langern Eberth KG,13230.40000
692,Rachelton,L1,2019,48,normal,Cruz,19536.40000
693,Lindseymouth,L4,2023,35,L,Paiva Monteiro S.A.,4768.40000
694,Herzberg,L5,2021,56,med,Sanders Group,12070.20000
695,Almeirim,L2,2021,49,light,Linke,13610.60000
696,Lake Michael,L4,2018,29,L,Matias,21401.50000
697,Sondershausen,L1,2021,61,N,Radisch Stadelmann Stiftung & Co. KG,12397.90000
698,Einbeck,L6,2021,59,normal,Kruschwitz Ditschlerin AG & Co. OHG,13235.70000
699,Lake Stephenville,L4,2021,56,1,Tavares S/A,13224.30000
700,Haldensleben,L3,2018,62,N,Machado,23334.30000
701,Lindseymouth,L6,2023,21,1,Antunes e Filhos,5408.10000
702,Sintra,L3,2022,12,1,Matias,8037.10000
703,Celle,L2,2021,91,3,Ferreira,12584.00000
704,Port Peterstad,L2,2023,83,3,Ferreira,4774.50000
705,Santa Maria da Feira,L4,2019,116,light,Textor Stiftung & Co. KG,18458.10000
706,Lindseymouth,L5,2020,38,1,Jäntsch AG,14456.80000
707,Vila Real de Santo António,L5,2012,101,L,Jäntsch AG,45000.00000
708,Port Peterstad,L6,2023,34,L,Radisch Stadelmann Stiftung & Co. KG,6492.60000
709,Barcelos,L6,2020,75,2,Hentschel GmbH & Co. KGaA,14955.30000
710,Dieburg,L1,2012,30,L,Jäntsch AG,45000.00000
711,Lixa,L4,2013,58,2,"Kelly, Martinez and Alvarez",41859.30000
712,São Mamede de Infesta,L3,2021,93,H,Maia,11223.60000
713,Aue,L6,2024,35,light,Mende Haering GmbH & Co. OHG,2603.80000
714,Reguengos de Monsaraz,L2,2020,66,normal,Maia,17412.50000
715,Herzberg,L3,2023,67,1,Paiva Monteiro S.A.,5594.80000
716,Oberviechtach,L5,2023,115,3,"Vazquez, Wright and Henry",6369.90000
717,Celle,L3,2019,90,heavy,Sá e Filhos,19571.30000
718,Tondela,L4,2021,44,2,Kruschwitz Ditschlerin AG & Co. OHG,12125.90000
719,Vila Real de Santo António,L5,2017,94,3,Tavares S/A,24615.00000
720,Elvas,L6,2020,29,light,Sá e Filhos,15322.50000
721,Rachelton,L5,2022,72,med,Schleich Heintze GmbH & Co. OHG,8803.80000
722,Braga,L4,2017,6,L,Wilson PLC,27432.00000
723,Sondershausen,L5,2021,17,L,Matias,13969.50000
724,Seixal,L2,2022,103,H,Cardoso,10282.50000
725,East Tommy,L4,2023,71,normal,Linke,4701.10000
726,Lake Stephenville,L3,2021,6,L,Schleich Heintze GmbH & Co. OHG,12619.40000
727,Lixa,L6,2023,104, H ,Pergande Hiller GmbH & Co. KG,6371.40000
728,Leiria,L2,2020,119,heavy,"Hernandez, Garcia and Peck",15495.00000
729,Celle,L4,2022,16,light,Mende Haering GmbH & Co. OHG,7134.50000
730,Elvas,L2,2021,48,N,Hettner,12131.90000
731,Sintra,L4,2022,38,heavy,Segebahn Siering AG,9715.20000
732,Odivelas,L1,2021,95,H,Butte AG,10837.30000
733,Bautzen,L5,2022,18,1,Textor Stiftung & Co. KG,9518.10000
734,München,L3,2022,30,light,Ferreira,
735,München,L6,2018,104,N,Wilson PLC,23333.40000
736,Abrantes,L3,2017,100,heavy,Textor Stiftung & Co. KG,24746.60000
737,Port Zacharyview,L1,2016,105,2,"Hernandez, Garcia and Peck",30341.40000
738,Herzberg,L5,2021,48,normal,Sá e Filhos,12092.10000
739,Reguengos de Monsaraz,L2,2023,14,L,Wilson PLC,5433.10000
740,Port Heather,L3,2022,68,N,Nguyen Group,10386.70000
741,Caldas da Rainha,L2,2022,28,L,Moura Cardoso Lda.,9317.60000
742,Almeirim,L3,2023,16,light,Linke,5663.40000
743,São Mamede de Infesta,L6,2023,36,light,Jäntsch AG,6477.60000
744,Braga,L6,2016,86,3,"Kelly, Martinez and Alvarez",29806.00000
745,Reguengos de Monsaraz,L6,2016,64,normal,Cardoso,29235.60000
746,Sintra,L3,2017,82,H,Butte AG,27686.80000
747,Almeirim,L6,2020,104,heavy,Moura Cardoso Lda.,17312.60000
748,Laurenstad,L3,2016,4,L,Hettner,
749,Hainichen,L6,2022,21,L,Jessel,7690.10000
750,Odivelas,L1,2023,76,H,Hentschel GmbH & Co. KGaA,6312.60000
751,Lindseymouth,L1,2023,54,N,Linke,6796.30000
752,Hainichen,L6,2023,54, N ,Cardoso,4782.60000
753,Lake Stephenville,L2,2016,62,L,Jäntsch AG,31498.90000
754,Amora,L4,2019,36,light,Dörr,19700.10000
755,München,L2,2019,31,L,Antunes e Filhos,18354.40000
756,Port Stephanieburgh,L3,2023,14,1,Wilson PLC,6753.10000
757,Amora,L3,2021,47,med,Jäkel Kroker GmbH & Co. OHG,12473.80000
758,Odivelas,L6,2022,16,L,Pergande Hiller GmbH & Co. KG,10359.00000
759,Port Stephanieburgh,L4,2020,98,heavy,Sanders Group,15237.50000
760,Braga,L5,2018,23,L,Matias,23287.00000
761,Lake Michael,L2,2020,78,light,Segebahn Siering AG,15130.80000
762,Rachelton,L4,2021,6, light ,Wilson PLC,12210.50000
763,Schweinfurt,L2,2020,90,H,Davidson-Johnson,14116.00000
764,Aue,L6,2019,105,3,Pergande Hiller GmbH & Co. KG,19508.50000
765,Bautzen,L2,2020,48,2,Patberg Hering AG & Co. KGaA,15698.40000
766,Lindseymouth,L6,2016,61, 1 ,Sanders Group,28819.00000
767,Évora,L6,2021,44,2,Dörr,11065.00000
768,Heinsberg,L6,2022,54,L,Paiva Monteiro S.A.,7464.80000
769,Schweinfurt,L3,2019,43,H,Antunes e Filhos,17972.70000
770,Odivelas,L3,2019,17,1,Schleich Heintze GmbH & Co. OHG,17753.60000
771,Hainichen,L5,2022,29,L,Brown Group,7163.10000
772,Mêda,L3,2022,106,H,Patberg Hering AG & Co. KGaA,8978.80000
773,Sintra,L2,2021,12,heavy,Linke,10542.20000
774,Reguengos de Monsaraz,L4,2021,94, H ,Maia,11241.40000
775,Seixal,L2,2012,52,normal,Kruschwitz Ditschlerin AG & Co. OHG,43493.10000
776,Leiria,L1,2022,11,1,Maia,8033.30000
777,Caldas da Rainha,L3,2017,21,normal,Mende Haering GmbH & Co. OHG,27619.80000
778,Bautzen,L2,2021,53,normal,Kruschwitz Ditschlerin AG & Co. OHG,13088.90000
779,Lake Michael,L4,2015,117,N,Sá e Filhos,32415.20000
780,Caldas da Rainha,L3,2023,68,normal,Wilson PLC,4173.00000
781,Lake Michael,L1,2017,11,1,Textor Stiftung & Co. KG,26946.30000
782,Tondela,L3,2021,81,3,Brown Group,11081.60000
783,Rachelton,L6,2019,3, 1 ,Schleich Heintze GmbH & Co. OHG,20281.10000
784,Amora,L3,2018,35,1,Textor Stiftung & Co. KG,24478.90000
785,Rachelton,L2,2022,103,heavy,Jäkel Kroker GmbH & Co. OHG,8786.60000
786,Lixa,L2,2021,8,L,Jäkel Kroker GmbH & Co. OHG,13632.80000
787,Tondela,L4,2019,33,H,Jäkel Kroker GmbH & Co. OHG,20049.20000
788,Mêda,L4,2021,13,normal,Textor Stiftung & Co. KG,12516.00000
789,Elvas,L2,2022,97,3,Sanders Group,7117.70000
790,Mainburg,L3,2021,67,normal,Mende Haering GmbH & Co. OHG,13547.50000
791,Ponte de Sor,L1,2019,45,normal,Machado,17681.20000
792,Lake Michael,L3,2023,73,med,Tavares S/A,6669.20000
793,Coimbra,L2,2021,45,N,Brown Group,10624.10000
794,Leiria,L2,2023,48,heavy,Hettner,4529.80000
795,Almeirim,L3,2023,16,L,Mende Haering GmbH & Co. OHG,6963.20000
796,Hainichen,L6,2022,82,H,Ferreira,8028.10000
797,Schweinfurt,L5,2023,117,3,Ferreira,3895.30000
798,Port Zacharyview,L6,2019,25,light,Cardoso,18220.80000
799,Vila Real de Santo António,L5,2022,101,heavy,Patberg Hering AG & Co. KGaA,7086.40000
800,Lindseymouth,L4,2020,62,N,Cole Group,16683.40000
801,Port Peterstad,L6,2020,51,H,Gomes S/A,17281.80000
802,Davidsonland,L6,2022,11, L ,Brown Group,7729.70000
803,Port Zacharyview,L6,2023,77,light,Wilson PLC,4956.00000
804,Aue,L3,2020,111,N,Patberg Hering AG & Co. KGaA,16721.80000
805,Lake Michael,L6,2020,78,H,Antunes e Filhos,15898.10000
806,Aue,L6,2019,32,L,Jessel,20008.30000
807,Port Peterstad,L2,2019,57,med,"Vazquez, Wright and Henry",17625.40000
808,Lake Stephenville,L6,2022,27,1,Brown Group,9120.50000
809,Mêda,L5,2024,44,heavy,Mende Haering GmbH & Co. OHG,2026.40000
810,Fundão,L3,2022,35, light ,Kruschwitz Ditschlerin AG & Co. OHG,8846.10000
811,Viseu,L5,2022,29,L,Wilson PLC,10229.10000
812,Rachelton,L4,2023,35, L ,Cardoso,5486.80000
813,Coimbra,L1,2015,57,3,Wilson PLC,33165.60000
814,Lixa,L1,2022,110,H,Brown Group,8134.20000
815,Braga,L3,2020,3,L,Gomes S/A,16721.70000
816,Port Heather,L4,2023,3,1,Schleich Heintze GmbH & Co. OHG,6072.60000
817,Rio Maior,L2,2018,85,heavy,Hettner,24001.80000
818,Dieburg,L2,2020,46,N,Wilson PLC,14570.70000
819,Reguengos de Monsaraz,L6,2022,63,2,Langern Eberth KG,7451.20000
820,Estarreja,L4,2016,109,heavy,Pergande Hiller GmbH & Co. KG,29993.00000
821,Lake Stephenville,L4,2017,66,med,Moura Cardoso Lda.,26871.80000
822,Heinsberg,L6,2012,98,heavy,Moura Cardoso Lda.,45000.00000
823,Fundão,L2,2022,92,H,Hettner,9842.50000
824,Celle,L5,2021,105,heavy,Sanders Group,13592.40000
825,Carrollburgh,L1,2022,59,H,Jessel,7553.50000
826,Port Heather,L4,2020,105,H,Ferreira,14665.30000
827,Füssen,L3,2021,37,H,Nguyen Group,13436.90000
828,Vila Real de Santo António,L3,2023,78,2,Antunes e Filhos,5282.10000
829,Elvas,L5,2021,51,N,Kruschwitz Ditschlerin AG & Co. OHG,12995.80000
830,Laurenstad,L4,2020,16,L,Davidson-Johnson,14491.60000
831,Port Heather,L2,2023,97,3,Schleich Heintze GmbH & Co. OHG,5910.80000
832,Lake Michael,L1,2018,91, heavy ,"Vazquez, Wright and Henry",21261.20000
833,Leiria,L4,2018,55,2,Davidson-Johnson,21249.40000
834,Viseu,L6,2020,8,light,Mende Haering GmbH & Co. OHG,14321.50000
835,Vila Real de Santo António,L3,2022,15,H,Radisch Stadelmann Stiftung & Co. KG,8148.40000
836,Carrollburgh,L2,2022,60, N ,"Vazquez, Wright and Henry",9353.30000
837,Heinsberg,L2,2022,28,1,Jäkel Kroker GmbH & Co. OHG,9771.80000
838,Herzberg,L3,2022,24,L,Hentschel GmbH & Co. KGaA,8204.50000
839,Laurenstad,L5,2016,26,L,Linke,29748.60000
840,São Mamede de Infesta,L2,2023,115,heavy,Jessel,
841,São Mamede de Infesta,L5,2016,81,N,Machado,
842,Schweinfurt,L5,2019,68,N,"Vazquez, Wright and Henry",19099.10000
843,Lixa,L4,2022,64,N,Jäntsch AG,9981.30000
844,Port Peterstad,L3,2022,115,light,Hettner,8822.10000
845,Évora,L6,2019,77,med,Linke,18474.30000
846,East Tommy,L3,2019,24,2,Linke,17803.00000
847,Lake Stephenville,L1,2014,9,light,Sá e Filhos,
848,Port Jasminebury,L2,2020,114,normal,Brown Group,
849,Dieburg,L3,2023,73,med,Moura Cardoso Lda.,6206.70000
850,Carrollburgh,L6,2021,82,heavy,Matias,
851,Carrollburgh,L2,2022,30,N,Mende Haering GmbH & Co. OHG,9923.60000
852,Port Stephanieburgh,L1,2021,42,heavy,Radisch Stadelmann Stiftung & Co. KG,13684.00000
853,Mainburg,L6,2022,36,L,Davidson-Johnson,
854,Évora,L1,2023,52,med,"Kelly, Martinez and Alvarez",4712.20000
855,Port Heather,L2,2021,80,2,Cardoso,10938.10000
856,Celle,L2,2021,77,med,Wilson PLC,10621.90000
857,Viseu,L5,2021,90,heavy,Sanders Group,13135.10000
858,São Mamede de Infesta,L5,2021,5,1,Nguyen Group,11634.50000
859,Lake Michael,L2,2020,102,H,Kruschwitz Ditschlerin AG & Co. OHG,14446.90000
860,Abrantes,L2,2022,72,normal,Cole Group,9349.40000
861,Lake Stephenville,L1,2022,6,light,Segebahn Siering AG,8146.70000
862,Santa Maria da Feira,L3,2021,110,heavy,"Hernandez, Garcia and Peck",13723.50000
863,Reguengos de Monsaraz,L5,2021,22,light,Ferreira,13985.70000
864,São Mamede de Infesta,L6,2012,85,normal,Jessel,45000.00000
865,Mêda,L6,2022,22,light,Wilson PLC,8903.50000
866,Viseu,L1,2021,80,heavy,Hentschel GmbH & Co. KGaA,13562.30000
867,Fundão,L1,2020,84,light,Paiva Monteiro S.A.,16483.00000
868,Port Peterstad,L6,2022,37,1,Hentschel GmbH & Co. KGaA,
869,Ponte de Sor,L1,2022,7,L,Davidson-Johnson,8094.10000
870,Coimbra,L4,2022,59,med,Wilson PLC,9353.50000
871,Santa Maria da Feira,L1,2021,46,2,Gomes S/A,12447.10000
872,Viseu,L1,2023,2,1,Gomes S/A,5534.10000
873,Ponte de Sor,L5,2017,110,3,Langern Eberth KG,25881.70000
874,Santa Maria da Feira,L1,2021,51,med,Radisch Stadelmann Stiftung & Co. KG,11393.30000
875,Sondershausen,L1,2016,97, light ,Davidson-Johnson,29932.00000
876,Rio Maior,L5,2021,83,L,Pergande Hiller GmbH & Co. KG,12094.40000
877,Lake Michael,L6,2021,95,H,Antunes e Filhos,12668.70000
878,Lixa,L5,2023,78,light,Gomes S/A,4675.60000
879,São Mamede de Infesta,L1,2023,39,1,Hentschel GmbH & Co. KGaA,6268.40000
880,Évora,L6,2022,24,L,Brown Group,9714.60000
881,Vila Real de Santo António,L1,2023,33,L,Maia,4183.20000
882,Lake Michael,L4,2020,27, 1 ,Butte AG,15620.70000
883,Sondershausen,L6,2021,113, heavy ,Mende Haering GmbH & Co. OHG,11869.50000
884,Hainichen,L2,2017,62,N,Machado,27292.00000
885,Évora,L5,2021,19,L,Hettner,12887.20000
886,Coimbra,L4,2021,12,L,Patberg Hering AG & Co. KGaA,12181.00000
887,Évora,L4,2020,44,med,Davidson-Johnson,15122.20000
888,Santa Maria da Feira,L3,2022,18,light,Maia,
889,Port Zacharyview,L6,2019,29,light,Davidson-Johnson,18067.00000
890,Füssen,L2,2012,93,heavy,Cole Group,45000.00000
891,Leiria,L3,2021,71,normal,Pergande Hiller GmbH & Co. KG,10536.60000
892,Mainburg,L2,2022,96,H,Butte AG,9146.90000
893,Sondershausen,L1,2023,42,N,Sanders Group,3952.70000
894,Leiria,L5,2022,1,light,Kruschwitz Ditschlerin AG & Co. OHG,10475.20000
895,Barcelos,L4,2016,20,L,Linke,30287.50000
896,Roberthaven,L3,2023,56, normal ,Hentschel GmbH & Co. KGaA,6157.10000
897,Oberviechtach,L3,2020,12,H,"Kelly, Martinez and Alvarez",16287.70000
898,Davidsonland,L1,2019,24,1,Pires,20253.80000
899,München,L3,2015,20,L,Cardoso,34111.40000
900,Tondela,L4,2022,18,normal,Tavares S/A,9572.10000
901,Braga,L3,2023,3,light,Kruschwitz Ditschlerin AG & Co. OHG,5878.30000
902,Port Zacharyview,L5,2020,93,heavy,Maia,16014.00000
903,Ponte de Sor,L1,2021,41,normal,Butte AG,11682.20000
904,Herzberg,L3,2020,13,light,Tavares S/A,16261.90000
905,Celle,L1,2022,86,3,Ferreira,10373.90000
906,Port Stephanieburgh,L3,2022,100, heavy ,Segebahn Siering AG,10402.50000
907,Sintra,L3,2022,116,H,Ferreira,8750.20000
908,Lake Michael,L4,2021,61,1,Paiva Monteiro S.A.,
909,Port Zacharyview,L2,2019,58,2,Langern Eberth KG,17830.70000
910,Bautzen,L4,2022,92,3,Cruz,10255.50000
911,Port Jasminebury,L4,2024,113,H,Jessel,2935.90000
912,Port Stephanieburgh,L1,2023,73,H,"Hernandez, Garcia and Peck",6516.30000
913,Estarreja,L1,2021,31,1,Jäntsch AG,13483.50000
914,Hainichen,L5,2012,21,L,Radisch Stadelmann Stiftung & Co. KG,45000.00000
915,Dieburg,L2,2023,37,L,Machado,3737.80000
916,Port Jasminebury,L3,2012,97,heavy,Pires,44658.50000
917,Lixa,L3,2021,53,H,Segebahn Siering AG,
918,Reguengos de Monsaraz,L2,2017,60,N,Segebahn Siering AG,24777.80000
919,Laurenstad,L6,2023,24,1,Pires,5314.00000
920,Almeirim,L3,2023,86,3,"Hernandez, Garcia and Peck",4079.80000
921,Lake Michael,L4,2015,102,H,Antunes e Filhos,31854.70000
922,Carrollburgh,L2,2023,36, light ,Matias,5527.10000
923,Sondershausen,L2,2017,60,N,Segebahn Siering AG,26429.80000
924,Sintra,L3,2020,108,heavy,Dörr,
925,Reguengos de Monsaraz,L1,2019,104,3,Sanders Group,18196.10000
926,Bischofswerda,L6,2022,92,heavy,Langern Eberth KG,9647.50000
927,Barcelos,L2,2020,58,light,Ferreira,14587.60000
928,Viseu,L1,2021,14,1,Ferreira,13576.70000
929,Port Heather,L1,2020,43,N,Schleich Heintze GmbH & Co. OHG,17188.50000
930,Laurenstad,L3,2022,80,H,Sanders Group,7914.60000
931,Hainichen,L3,2022,74,3,Paiva Monteiro S.A.,8193.80000
932,Rachelton,L3,2018,34,L,Linke,23359.80000
933,Carrollburgh,L4,2021,53,med,Dörr,11061.30000
934,Lindseymouth,L3,2022,91,heavy,Gomes S/A,9137.00000
935,São Mamede de Infesta,L1,2022,50,light,Jäkel Kroker GmbH & Co. OHG,8524.30000
936,Aue,L6,2016,74,N,Kruschwitz Ditschlerin AG & Co. OHG,30271.80000
937,München,L2,2022,32,light,"Vazquez, Wright and Henry",7945.70000
938,Cartermouth,L2,2021,90,normal,Cole Group,11256.20000
939,Einbeck,L6,2022,100,2,Davidson-Johnson,8981.30000
940,Hainichen,L4,2023,73,N,Davidson-Johnson,5848.40000
941,Heinsberg,L1,2023,103,H,Jäntsch AG,4260.50000
942,Santa Maria da Feira,L2,2023,92,3,"Vazquez, Wright and Henry",4499.80000
943,Port Jasminebury,L4,2017,4,light,Pires,27219.50000
944,Port Jasminebury,L3,2016,32,light,Sá e Filhos,28611.20000
945,Abrantes,L4,2021,35,1,Sá e Filhos,13292.60000
946,Santa Maria da Feira,L4,2022,66,med,Matias,9874.10000
947,Oberviechtach,L4,2017,45,normal,Ferreira,25037.20000
948,Mainburg,L3,2023,34,2,Pires,6714.00000
949,Almeirim,L4,2018,49,N,Nguyen Group,21317.70000
950,Odivelas,L2,2021,51,med,Linke,13979.50000
951,Lixa,L1,2023,39,1,Machado,5868.00000
952,Hainichen,L2,2017,32,1,"Hernandez, Garcia and Peck",26328.60000
953,Lixa,L4,2021,103,1,Mende Haering GmbH & Co. OHG,13615.80000
954,Laurenstad,L5,2021,77,N,Jäkel Kroker GmbH & Co. OHG,13905.20000
955,München,L3,2020,28,L,Brown Group,16293.20000
956,Port Stephanieburgh,L3,2020,14,light,Textor Stiftung & Co. KG,14551.70000
957,Davidsonland,L2,2017,86,H,Linke,24860.50000
958,Dunnchester,L2,2021,119,3,"Vazquez, Wright and Henry",13459.90000
959,Port Stephanieburgh,L6,2022,33,L,Dörr,10408.00000
960,Leiria,L6,2012,20,light,Paiva Monteiro S.A.,45000.00000
961,Lake Michael,L4,2021,98,H,Antunes e Filhos,10798.20000
962,Davidsonland,L4,2020,15,light,Linke,16880.50000
963,Füssen,L3,2021,5,L,Schleich Heintze GmbH & Co. OHG,11140.80000
964,Vila Real de Santo António,L4,2019,3,H,Nguyen Group,20882.60000
965,Port Heather,L6,2019,39, L ,Hettner,19868.80000
966,São Mamede de Infesta,L5,2020,59,N,Sanders Group,
967,Rio Maior,L5,2016,97,H,Davidson-Johnson,28082.20000
968,Évora,L6,2021,85,L,Pires,13808.90000
969,Laurenstad,L1,2022,20,light,Gomes S/A,9306.50000
970,Leiria,L3,2022,95,3,Pergande Hiller GmbH & Co. KG,7487.50000
971,Aue,L6,2017,80,3,Tavares S/A,24764.70000
972,Barcelos,L1,2021,1,1,Hettner,13296.90000
973,São Mamede de Infesta,L5,2020,58, 2 ,Jessel,17288.00000
974,Lake Michael,L3,2021,93,3,"Vazquez, Wright and Henry",10605.90000
975,Bautzen,L2,2022,82,3,Maia,9637.60000
976,Mêda,L1,2023,72,normal,Gomes S/A,6819.60000
977,Aue,L4,2021,30,light,Paiva Monteiro S.A.,11428.70000
978,São Mamede de Infesta,L4,2021,34,heavy,Ferreira,13214.80000
979,Port Stephanieburgh,L6,2022,68,normal,Hentschel GmbH & Co. KGaA,7600.20000
980,Schweinfurt,L4,2021,13,L,Wilson PLC,12245.00000
981,Évora,L2,2022,14, L ,Brown Group,8937.40000
982,Port Peterstad,L4,2021,16,L,Jäntsch AG,11290.80000
983,Reguengos de Monsaraz,L2,2021,0,1,Cardoso,12944.30000
984,Lake Michael,L4,2021,81,normal,Schleich Heintze GmbH & Co. OHG,10788.90000
985,Roberthaven,L6,2022,84,3,Ferreira,8075.90000
986,Rachelton,L1,2021,116, H ,Radisch Stadelmann Stiftung & Co. KG,11342.90000
987,Ponte de Sor,L4,2023,49,N,Antunes e Filhos,6785.20000
988,Roberthaven,L2,2022,86,heavy,Hentschel GmbH & Co. KGaA,10259.40000
989,Oberviechtach,L5,2021,104,heavy,Brown Group,12010.10000
990,Schweinfurt,L3,2022,94,3,Davidson-Johnson,7883.50000
991,Laurenstad,L3,2022,70,2,Brown Group,7479.00000
992,Évora,L1,2021,115, L ,Sanders Group,11547.00000
993,Dunnchester,L4,2019,8,heavy,"Kelly, Martinez and Alvarez",18497.00000
994,Port Jasminebury,L3,2012,62,2,Pergande Hiller GmbH & Co. KG,45000.00000
995,Lixa,L5,2021,75,med,Mende Haering GmbH & Co. OHG,11442.80000
996,São Mamede de Infesta,L2,2023,43,2,Mende Haering GmbH & Co. OHG,
997,Herzberg,L6,2021,42,2,Jessel,13481.80000
998,Fundão,L4,2022,5,L,Kruschwitz Ditschlerin AG & Co. OHG,9325.70000
999,Dieburg,L6,2021,46,light,Schleich Heintze GmbH & Co. OHG,13683.60000
1000,Port Zacharyview,L4,2021,12,1,Jäkel Kroker GmbH & Co. OHG,11494.80000
1001,Ponte de Sor,L4,2022,38,1,Sá e Filhos,9826.10000
1002,Port Peterstad,L2,2022,76,2,Ferreira,8945.00000
1003,Seixal,L3,2023,38,heavy,Davidson-Johnson,3996.60000
1004,Reguengos de Monsaraz,L2,2020,27,2,Gomes S/A,14713.80000
1005,East Tommy,L1,2022,38,light,Jessel,
1006,Haldensleben,L3,2021,86,heavy,Moura Cardoso Lda.,13762.20000
1007,Bautzen,L4,2016,18,1,Mende Haering GmbH & Co. OHG,29525.80000
1008,Aue,L6,2021,52,2,Machado,
1009,Laurenstad,L2,2020,9,light,Langern Eberth KG,16702.20000
1010,Vila Real de Santo António,L4,2021,63,2,Cole Group,10569.90000
1011,Heinsberg,L4,2023,40,2,Davidson-Johnson,5792.10000
1012,Port Stephanieburgh,L6,2022,100, 3 ,Schleich Heintze GmbH & Co. OHG,8274.70000
1013,Lüdenscheid,L4,2019,29,L,Cruz,18101.60000
1014,Schweinfurt,L6,2020,4,normal,"Vazquez, Wright and Henry",17191.60000
1015,Mainburg,L1,2023,35,light,Langern Eberth KG,6987.40000
1016,Celle,L1,2020,114,heavy,Tavares S/A,17097.80000
1017,Fundão,L4,2022,64,normal,Dörr,9011.90000
1018,Amora,L5,2020,3,L,Moura Cardoso Lda.,15063.50000
1019,Tondela,L1,2020,1,light,Gomes S/A,14885.60000
1020,Seixal,L4,2020,90,3,Dörr,16438.00000
1021,Mêda,L3,2022,32,1,Brown Group,7794.00000
1022,Port Zacharyview,L2,2023,102,H,Kruschwitz Ditschlerin AG & Co. OHG,4721.80000
1023,Barcelos,L3,2021,95,1,Pergande Hiller GmbH & Co. KG,12138.40000
1024,Estarreja,L5,2023,31,H,Cardoso,4708.40000
1025,Vila Real de Santo António,L6,2020,61,2,Cardoso,14546.10000
1026,Reguengos de Monsaraz,L1,2020,59,normal,"Vazquez, Wright and Henry",14525.80000
1027,Fundão,L4,2022,83,med,Cardoso,10077.60000
1028,Amora,L2,2023,46,2,Cole Group,6456.70000
1029,Schweinfurt,L4,2021,64,normal,Mende Haering GmbH & Co. OHG,13277.20000
1030,Santa Maria da Feira,L4,2020,1,L,Jäntsch AG,17374.50000
1031,São Mamede de Infesta,L3,2022,97, H ,Maia,7032.70000
1032,Laurenstad,L6,2020,104,light,Nguyen Group,17333.30000
1033,Bautzen,L1,2019,115,1,Cardoso,18130.40000
1034,Herzberg,L5,2023,71,H,Pires,5335.90000
1035,Davidsonland,L2,2019,7,1,Butte AG,18635.90000
1036,Port Zacharyview,L3,2024,77,2,Radisch Stadelmann Stiftung & Co. KG,3444.70000
1037,München,L6,2024,58,N,Cruz,2599.20000
1038,Almeirim,L2,2021,62,2,Mende Haering GmbH & Co. OHG,11226.80000
1039,Oberviechtach,L5,2021,36,L,Cole Group,10942.90000
1040,Dunnchester,L6,2021,41,light,Pergande Hiller GmbH & Co. KG,10713.30000
1041,Santa Maria da Feira,L1,2021,108,H,Davidson-Johnson,10946.70000
1042,Cartermouth,L1,2015,3,1,Hettner,32769.80000
1043,Coimbra,L5,2021,3,3,Langern Eberth KG,11802.20000
1044,Amora,L3,2020,32,L,Gomes S/A,16059.30000
1045,Port Heather,L3,2019,97,normal,Nguyen Group,18789.40000
1046,Tondela,L3,2015,41,N,Butte AG,33427.10000
1047,Dunnchester,L5,2021,45,med,Linke,13529.80000
1048,Lüdenscheid,L2,2019,112,H,Mende Haering GmbH & Co. OHG,19743.90000
1049,Ponte de Sor,L4,2020,10,2,"Vazquez, Wright and Henry",16218.90000
1050,Lindseymouth,L3,2019,52,2,Hettner,19060.00000
1051,Mainburg,L3,2021,50,2,Matias,12603.60000
1052,São Mamede de Infesta,L5,2022,16, H ,Pires,10024.70000
1053,Lake Stephenville,L2,2021,58,N,Langern Eberth KG,13278.90000
1054,Lindseymouth,L6,2017,45,normal,Textor Stiftung & Co. KG,26803.90000
1055,Herzberg,L5,2023,31,L,Matias,6985.50000
1056,Vila Real de Santo António,L2,2019,40,N,Brown Group,17850.50000
1057,Elvas,L3,2023,32,2,Jäkel Kroker GmbH & Co. OHG,5667.90000
1058,Rio Maior,L3,2021,95,H,Nguyen Group,11434.70000
1059,Barcelos,L2,2021,72,N,Paiva Monteiro S.A.,10859.20000
1060,Reguengos de Monsaraz,L2,2023,93,heavy,Ferreira,5610.30000
1061,Port Jasminebury,L5,2015,115, heavy ,Nguyen Group,31859.10000
1062,Odivelas,L3,2021,55,2,Ferreira,11077.40000
1063,Cartermouth,L1,2023,19,1,Langern Eberth KG,4930.50000
1064,Tondela,L4,2019,9,1,Wilson PLC,17681.00000
1065,São Mamede de Infesta,L4,2023,25,L,Gomes S/A,4815.90000
1066,Rachelton,L5,2021,29, L ,"Vazquez, Wright and Henry",10947.20000
1067,Füssen,L2,2015,105,H,Hettner,33203.90000
1068,Barcelos,L1,2022,34,heavy,Paiva Monteiro S.A.,8041.90000
1069,Port Jasminebury,L2,2012,56,med,Antunes e Filhos,45000.00000
1070,Reguengos de Monsaraz,L4,2022,9,1,Dörr,10046.40000
1071,Vila Real de Santo António,L3,2019,49,N,Davidson-Johnson,19580.40000
1072,Viseu,L6,2015,91,heavy,Gomes S/A,33587.90000
1073,Celle,L1,2021,64,2,"Vazquez, Wright and Henry",10684.80000
1074,Aue,L6,2022,62,normal,Schleich Heintze GmbH & Co. OHG,8055.00000
1075,Ponte de Sor,L1,2021,97,3,Paiva Monteiro S.A.,12252.90000
1076,Celle,L6,2022,4,med,Wilson PLC,8220.50000
1077,Estarreja,L2,2020,74,N,Brown Group,16973.20000
1078,Mêda,L2,2017,68,N,Mende Haering GmbH & Co. OHG,26078.00000
1079,Mêda,L5,2021,39,2,"Kelly, Martinez and Alvarez",11680.30000
1080,Davidsonland,L6,2020,22,H,Langern Eberth KG,14551.90000
1081,München,L5,2019,38,H,Antunes e Filhos,18384.10000
1082,Lake Michael,L2,2017,55,2,Cole Group,25319.20000
1083,Dieburg,L4,2019,86,3,Sanders Group,17947.20000
1084,Sintra,L4,2022,44,med,"Hernandez, Garcia and Peck",8171.30000
1085,Mêda,L1,2022,78,N,Dörr,7572.20000
1086,Port Zacharyview,L3,2020,102,normal,Matias,16885.80000
1087,Abrantes,L2,2012,88,heavy,Patberg Hering AG & Co. KGaA,45000.00000
1088,Bautzen,L2,2023,117,heavy,"Kelly, Martinez and Alvarez",5335.30000
1089,Herzberg,L3,2022,98,1,Pires,8182.60000
1090,Bischofswerda,L3,2023,86,heavy,Patberg Hering AG & Co. KGaA,5179.10000
1091,Fundão,L6,2021,74,N,Cardoso,12509.40000
1092,Füssen,L2,2020,77,normal,Jäntsch AG,17438.10000
1093,Port Peterstad,L2,2022,113, 3 ,Cruz,7107.20000
1094,Cartermouth,L2,2017,113, normal ,Patberg Hering AG & Co. KGaA,25940.20000
1095,Viseu,L1,2021,76,normal,Patberg Hering AG & Co. KGaA,13120.70000
1096,Lindseymouth,L4,2012,87,1,Langern Eberth KG,45000.00000
1097,Reguengos de Monsaraz,L5,2020,73,normal,Machado,17093.60000
1098,Lake Stephenville,L6,2018,66, 2 ,Machado,21817.50000
1099,Celle,L4,2019,35,light,Patberg Hering AG & Co. KGaA,19055.00000
1100,Heinsberg,L5,2016,73,L,Schleich Heintze GmbH & Co. OHG,28799.80000
1101,Évora,L5,2016,118,3,Butte AG,30300.10000
1102,Celle,L1,2020,44,normal,Davidson-Johnson,15866.70000
1103,Port Zacharyview,L2,2017,45,N,Moreira Melo Lda.,25431.70000
1104,Port Peterstad,L6,2021,46,N,Schleich Heintze GmbH & Co. OHG,13403.80000
1105,Mêda,L3,2022,5,L,Butte AG,
1106,Évora,L2,2019,92,L,Hettner,19608.60000
1107,Port Heather,L3,2021,7,L,Maia,13206.00000
1108,Mêda,L5,2021,50,1,Davidson-Johnson,11941.30000
1109,Fundão,L4,2021,10,L,Jäkel Kroker GmbH & Co. OHG,11182.20000
1110,Leiria,L3,2016,42,med,Paiva Monteiro S.A.,29214.40000
1111,Lake Stephenville,L6,2018,24,light,Jäkel Kroker GmbH & Co. OHG,23734.10000
1112,Bautzen,L3,2022,71,normal,Sanders Group,10417.10000
1113,Port Jasminebury,L3,2018,69,N,Jäkel Kroker GmbH & Co. OHG,23362.50000
1114,Fundão,L2,2022,51, 2 ,Langern Eberth KG,9188.10000
1115,Vila Real de Santo António,L5,2020,0,1,Sanders Group,16359.00000
1116,Elvas,L5,2020,106,3,Maia,14035.10000
1117,Heinsberg,L3,2021,8,2,Sá e Filhos,13114.80000
1118,Odivelas,L4,2021,119, light ,Antunes e Filhos,13607.40000
1119,Évora,L6,2021,69,normal,Brown Group,12923.40000
1120,Aue,L4,2019,92,H,"Kelly, Martinez and Alvarez",18848.00000
1121,Ponte de Sor,L6,2021,103,2,Nguyen Group,13902.50000
1122,Elvas,L1,2022,3,2,Jessel,9647.60000
1123,Oberviechtach,L4,2022,54,med,Machado,8067.20000
1124,Port Jasminebury,L1,2022,8,light,Matias,9547.60000
1125,Port Heather,L1,2020,117,3,Langern Eberth KG,17284.10000
1126,Évora,L3,2021,69,normal,Gomes S/A,13847.50000
1127,Oberviechtach,L3,2019,12, 1 ,Paiva Monteiro S.A.,20624.70000
1128,Lüdenscheid,L5,2020,1,light,Paiva Monteiro S.A.,14824.10000
1129,Cartermouth,L3,2015,27,1,Sá e Filhos,32826.80000
1130,Mêda,L4,2022,34,1,Radisch Stadelmann Stiftung & Co. KG,7773.10000
1131,Dunnchester,L4,2021,54,N,Segebahn Siering AG,10507.90000
1132,Tondela,L3,2022,99,H,Gomes S/A,9136.30000
1133,Port Heather,L4,2022,76,med,Kruschwitz Ditschlerin AG & Co. OHG,9625.90000
1134,East Tommy,L6,2021,10,light,Sanders Group,11083.90000
1135,München,L1,2022,75,normal,Gomes S/A,9187.50000
1136,Mainburg,L4,2016,80,normal,Wilson PLC,31232.70000
1137,Port Heather,L1,2019,17,1,Wilson PLC,19424.90000
1138,Port Jasminebury,L2,2022,48,N,Pergande Hiller GmbH & Co. KG,8934.40000
1139,Amora,L4,2021,16,L,Machado,12718.70000
1140,Caldas da Rainha,L3,2018,37,L,Cruz,21628.10000
1141,Roberthaven,L2,2023,95,3,Paiva Monteiro S.A.,6079.40000
1142,Leiria,L4,2022,69,2,Textor Stiftung & Co. KG,9494.00000
1143,Caldas da Rainha,L6,2022,21,H,Radisch Stadelmann Stiftung & Co. KG,9293.20000
1144,Port Zacharyview,L6,2021,110,heavy,Schleich Heintze GmbH & Co. OHG,12118.90000
1145,Bischofswerda,L3,2021,82,1,Hentschel GmbH & Co. KGaA,12637.30000
1146,Abrantes,L5,2023,79,2,Davidson-Johnson,6346.60000
1147,Sondershausen,L2,2024,47,normal,Moreira Melo Lda.,3006.90000
1148,Laurenstad,L2,2020,15,light,Ferreira,17306.50000
1149,Barcelos,L1,2023,43,2,Tavares S/A,6629.30000
1150,Elvas,L4,2022,35,1,Butte AG,7753.60000
1151,Aue,L4,2022,44,2,Cole Group,7340.70000
1152,Sondershausen,L6,2020,73,light,Cole Group,15730.30000
1153,Füssen,L2,2019,110,N,Butte AG,18834.90000
1154,Port Zacharyview,L3,2019,57,2,Jäkel Kroker GmbH & Co. OHG,18785.50000
1155,Mainburg,L1,2021,108, heavy ,Maia,11240.10000
1156,Roberthaven,L2,2023,10,normal,Pergande Hiller GmbH & Co. KG,6232.30000
1157,Santa Maria da Feira,L3,2016,70,normal,Tavares S/A,29751.20000
1158,Amora,L1,2023,81,light,Paiva Monteiro S.A.,5495.40000
1159,Schweinfurt,L5,2021,58,2,Langern Eberth KG,12640.40000
1160,Reguengos de Monsaraz,L1,2021,105,3,Dörr,11166.00000
1161,Fundão,L2,2022,9,L,"Hernandez, Garcia and Peck",9790.80000
1162,Évora,L5,2021,91,3,Hettner,12069.10000
1163,Carrollburgh,L6,2022,5,light,Butte AG,8318.00000
1164,Dunnchester,L3,2018,87,med,Butte AG,22046.70000
1165,Port Peterstad,L2,2022,90,3,Moura Cardoso Lda.,10127.90000
1166,Rio Maior,L2,2021,74, med ,Sanders Group,12859.30000
1167,Lixa,L3,2020,96,H,Hentschel GmbH & Co. KGaA,15854.60000
1168,Herzberg,L6,2020,75,normal,Sanders Group,16924.30000
1169,Rachelton,L4,2022,31,L,Sanders Group,
1170,Davidsonland,L3,2023,58,N,Cruz,6778.90000
1171,Bautzen,L5,2021,56,med,Tavares S/A,
1172,Abrantes,L6,2019,69,H,Segebahn Siering AG,20417.80000
1173,Amora,L3,2021,46,2,Butte AG,11662.70000
1174,Port Jasminebury,L4,2018,9, 1 ,Hettner,21021.20000
1175,Haldensleben,L6,2023,117,H,Tavares S/A,4898.70000
1176,Port Heather,L6,2021,55,med,Davidson-Johnson,12134.60000
1177,Lindseymouth,L3,2020,25,normal,Moreira Melo Lda.,
1178,Lake Michael,L2,2021,35, 3 ,Moura Cardoso Lda.,11146.30000
1179,Roberthaven,L5,2021,6,1,Wilson PLC,13351.70000
1180,Évora,L1,2023,4,light,Paiva Monteiro S.A.,6683.20000
1181,München,L5,2023,85, 3 ,Sá e Filhos,6819.50000
1182,Lindseymouth,L6,2020,57,normal,Butte AG,15359.40000
1183,Dieburg,L3,2023,117,N,Paiva Monteiro S.A.,
1184,Abrantes,L3,2020,57,3,Paiva Monteiro S.A.,16313.20000
1185,Celle,L5,2023,13,light,Dörr,6844.70000
1186,Heinsberg,L5,2020,31,2,Hettner,15826.80000
1187,Elvas,L3,2022,1,1,Tavares S/A,10043.20000
1188,Oberviechtach,L4,2021,107,2,Cruz,11072.50000
1189,Laurenstad,L5,2023,83,1,Paiva Monteiro S.A.,6660.00000
1190,Lindseymouth,L3,2017,42,normal,Linke,25679.70000
1191,Dunnchester,L2,2022,106,3,Mende Haering GmbH & Co. OHG,8911.20000
1192,Évora,L4,2021,117,1,Pires,11631.60000
1193,Schweinfurt,L6,2022,79, N ,"Hernandez, Garcia and Peck",9019.00000
1194,Fundão,L4,2018,114,3,Gomes S/A,23595.70000
1195,Port Jasminebury,L3,2021,34, 1 ,Pires,10870.20000
1196,Almeirim,L2,2021,58,med,Langern Eberth KG,11922.90000
1197,Caldas da Rainha,L4,2020,107,H,Radisch Stadelmann Stiftung & Co. KG,14639.10000
1198,Coimbra,L5,2022,83,L,Langern Eberth KG,10205.30000
1199,Leiria,L6,2015,78,N,Antunes e Filhos,33265.30000
1200,Évora,L2,2022,32,1,Sá e Filhos,8320.10000
1201,München,L5,2020,18,1,Mende Haering GmbH & Co. OHG,16080.20000
1202,Füssen,L1,2019,31,1,Textor Stiftung & Co. KG,17838.80000
1203,Bischofswerda,L3,2022,51,N,"Vazquez, Wright and Henry",10298.30000
1204,Leiria,L5,2021,102,L,Butte AG,12858.00000
1205,Leiria,L5,2023,11,1,Machado,4235.80000
1206,Almeirim,L5,2020,55,N,"Hernandez, Garcia and Peck",
1207,Bischofswerda,L4,2023,27,1,Textor Stiftung & Co. KG,3699.60000
1208,São Mamede de Infesta,L2,2022,27,L,Moreira Melo Lda.,7234.20000
1209,Hainichen,L5,2022,26,light,Hettner,9865.00000
1210,Barcelos,L3,2021,19,1,Maia,11934.80000
1211,Rio Maior,L5,2017,87,H,Linke,24869.60000
1212,Füssen,L6,2020,6,L,Nguyen Group,16572.80000
1213,Sintra,L3,2021,19,normal,"Kelly, Martinez and Alvarez",13577.10000
1214,Dunnchester,L2,2020,19,1,Textor Stiftung & Co. KG,17179.40000
1215,East Tommy,L6,2018,96,heavy,Sá e Filhos,22445.80000
1216,Oberviechtach,L3,2020,10,light,Linke,15214.70000
1217,Einbeck,L3,2022,78,light,Hettner,9380.00000
1218,München,L1,2022,22,N,Pires,9932.50000
1219,Évora,L1,2018,70,med,Hettner,21389.00000
1220,Fundão,L5,2022,49,N,Nguyen Group,7226.20000
1221,Füssen,L4,2023,117,1,Hentschel GmbH & Co. KGaA,6437.40000
1222,Carrollburgh,L2,2022,69,2,Gomes S/A,7927.70000
1223,Celle,L2,2022,79,med,Tavares S/A,9597.40000
1224,Vila Real de Santo António,L1,2022,114,med,Langern Eberth KG,8705.70000
1225,Carrollburgh,L5,2021,13,1,Dörr,12564.60000
1226,Lüdenscheid,L6,2020,6,1,"Vazquez, Wright and Henry",16366.50000
1227,Dieburg,L4,2012,56,med,Segebahn Siering AG,42251.00000
1228,Elvas,L4,2020,55,2,Cardoso,15067.90000
1229,Lake Michael,L5,2015,30,L,Mende Haering GmbH & Co. OHG,32611.20000
1230,Herzberg,L3,2021,3, light ,Jäkel Kroker GmbH & Co. OHG,12968.00000
1231,Amora,L6,2023,22,3,Cardoso,6581.20000
1232,Évora,L5,2023,94,H,Cardoso,4101.00000
1233,Évora,L5,2022,80,H,Davidson-Johnson,
1234,Roberthaven,L3,2020,91,heavy,"Kelly, Martinez and Alvarez",14059.00000
1235,Cartermouth,L6,2022,14,heavy,Maia,10050.80000
1236,Füssen,L2,2024,96,light,Matias,3495.30000
1237,Mêda,L5,2021,62,med,Moreira Melo Lda.,12352.90000
1238,Sintra,L4,2023,30, 1 ,Jäntsch AG,3951.10000
1239,Évora,L3,2023,32,L,"Hernandez, Garcia and Peck",6534.00000
1240,Lixa,L5,2020,65,L,Butte AG,16495.80000
1241,Schweinfurt,L1,2018,76,2,Cole Group,23473.80000
1242,Laurenstad,L6,2022,11,1,Ferreira,7910.20000
1243,Caldas da Rainha,L4,2019,0,1,Radisch Stadelmann Stiftung & Co. KG,17960.00000
1244,Estarreja,L6,2018,2,L,Sá e Filhos,23689.10000
1245,Dieburg,L6,2023,33,H,Jessel,6704.90000
1246,Mêda,L3,2018,115,heavy,"Kelly, Martinez and Alvarez",23241.90000
1247,Odivelas,L1,2016,60,heavy,Radisch Stadelmann Stiftung & Co. KG,29461.80000
1248,Sintra,L4,2018,71,N,Davidson-Johnson,22413.50000
1249,East Tommy,L1,2020,106, normal ,Langern Eberth KG,16423.70000
1250,Évora,L3,2024,4,L,Dörr,2579.50000
1251,East Tommy,L2,2019,46,3,Cardoso,18636.30000
1252,Estarreja,L5,2023,77,med,Matias,4938.60000
1253,Fundão,L4,2022,47,light,Wilson PLC,10126.30000
1254,Dieburg,L2,2018,66, normal ,Ferreira,22707.40000
1255,Haldensleben,L4,2018,111,H,Moura Cardoso Lda.,22282.30000
1256,Rachelton,L3,2017,90,heavy,Dörr,25882.10000
1257,Celle,L1,2022,111,heavy,Brown Group,8174.50000
1258,Bautzen,L4,2022,116,H,"Kelly, Martinez and Alvarez",8263.40000
1259,Port Jasminebury,L4,2018,14,1,Antunes e Filhos,22867.80000
1260,Davidsonland,L1,2019,103,heavy,Pergande Hiller GmbH & Co. KG,19574.90000
1261,Davidsonland,L2,2014,102,3,Langern Eberth KG,35928.30000
1262,Herzberg,L2,2015,118,H,"Kelly, Martinez and Alvarez",32168.10000
1263,Braga,L4,2021,18,light,Matias,11226.60000
1264,Odivelas,L5,2022,92,H,Tavares S/A,8245.90000
1265,Fundão,L1,2022,15,light,Brown Group,10314.30000
1266,Davidsonland,L2,2012,39, L ,Ferreira,45000.00000
1267,Almeirim,L1,2023,72,light,Jäntsch AG,4701.20000
1268,München,L5,2020,55,2,Maia,16573.00000
1269,München,L3,2015,1,L,Gomes S/A,31805.90000
1270,Elvas,L4,2020,114,3,Cole Group,14461.80000
1271,Viseu,L1,2023,72,N,Hettner,5973.40000
1272,Port Jasminebury,L2,2021,72,heavy,Textor Stiftung & Co. KG,10760.50000
1273,Oberviechtach,L4,2022,27,med,Davidson-Johnson,9722.90000
1274,Bischofswerda,L5,2017,83,1,Langern Eberth KG,25687.60000
1275,Herzberg,L5,2022,104,heavy,Dörr,9843.20000
1276,Rachelton,L6,2018,94,H,Antunes e Filhos,22094.70000
1277,Aue,L1,2017,5, 1 ,Moreira Melo Lda.,27942.30000
1278,Davidsonland,L6,2020,11,L,Textor Stiftung & Co. KG,14097.00000
1279,Elvas,L2,2024,81,heavy,Matias,2535.90000
1280,Santa Maria da Feira,L3,2023,13,1,Paiva Monteiro S.A.,5937.80000
1281,Bautzen,L3,2022,49,normal,Mende Haering GmbH & Co. OHG,7884.60000
1282,Abrantes,L5,2023,117,3,Hettner,6677.70000
1283,Mainburg,L5,2020,89,3,Matias,15068.40000
1284,Seixal,L4,2016,84,H,Nguyen Group,31468.30000
1285,Cartermouth,L6,2022,57,normal,Ferreira,8553.00000
1286,Santa Maria da Feira,L3,2020,14,heavy,Sanders Group,14138.30000
1287,São Mamede de Infesta,L6,2019,113,normal,Wilson PLC,18245.70000
1288,Fundão,L3,2022,6,L,Linke,
1289,Reguengos de Monsaraz,L3,2021,95,1,Sá e Filhos,12570.80000
1290,Estarreja,L2,2023,69,med,Jäkel Kroker GmbH & Co. OHG,4173.70000
1291,Sondershausen,L6,2021,25,light,Jäntsch AG,12134.90000
1292,München,L5,2024,70,N,Matias,2946.40000
1293,Dieburg,L5,2021,3,1,Cole Group,13945.00000
1294,Abrantes,L6,2018,79,normal,Nguyen Group,21402.20000
1295,Herzberg,L4,2016,68,normal,Brown Group,30836.40000
1296,Abrantes,L4,2016,70,med,Kruschwitz Ditschlerin AG & Co. OHG,30162.10000
1297,Lindseymouth,L1,2020,66,2,Linke,15514.40000
1298,München,L4,2022,17,light,Linke,9506.50000
1299,Leiria,L3,2019,98,H,"Hernandez, Garcia and Peck",17926.00000
1300,Oberviechtach,L1,2016,5,1,Gomes S/A,28935.80000
1301,Hainichen,L3,2022,58,2,Moura Cardoso Lda.,9189.60000
1302,Braga,L6,2021,4,1,Gomes S/A,10583.60000
1303,Barcelos,L4,2020,96,H,Jessel,14044.80000
1304,Tondela,L2,2023,66,heavy,Tavares S/A,5382.40000
1305,Almeirim,L2,2020,39,L,Langern Eberth KG,14684.50000
1306,München,L6,2021,103,3,Machado,11032.00000
1307,Davidsonland,L1,2019,12,L,Moura Cardoso Lda.,18083.60000
1308,Roberthaven,L3,2020,46,L,Antunes e Filhos,15043.00000
1309,Aue,L5,2023,16,normal,Jäkel Kroker GmbH & Co. OHG,5332.90000
1310,Mainburg,L5,2020,22,1,Sanders Group,16414.70000
1311,Évora,L6,2023,102,H,Schleich Heintze GmbH & Co. OHG,6228.50000
1312,Dunnchester,L5,2017,27,L,"Vazquez, Wright and Henry",25463.70000
1313,Almeirim,L3,2017,86,3,Kruschwitz Ditschlerin AG & Co. OHG,26549.60000
1314,Haldensleben,L1,2022,41, normal ,Schleich Heintze GmbH & Co. OHG,9407.20000
1315,Füssen,L6,2021,89,light,Gomes S/A,12170.50000
1316,Évora,L5,2018,4,1,Pergande Hiller GmbH & Co. KG,21053.80000
1317,Caldas da Rainha,L3,2021,66, 2 ,Jäntsch AG,13825.90000
1318,Rio Maior,L5,2022,2,light,Pires,8759.80000
1319,Lake Michael,L1,2022,61,3,Davidson-Johnson,8127.10000
1320,Rio Maior,L1,2018,83,L,Maia,21397.30000
1321,Port Zacharyview,L1,2022,62,2,Tavares S/A,
1322,Sintra,L1,2022,9,1,Moreira Melo Lda.,8616.70000
1323,Sondershausen,L3,2022,35,L,Segebahn Siering AG,8108.70000
1324,Lake Stephenville,L2,2022,46,med,Wilson PLC,8887.90000
1325,Viseu,L6,2020,102,H,Wilson PLC,14424.80000
1326,Fundão,L5,2021,4,L,Textor Stiftung & Co. KG,11517.80000
1327,Amora,L3,2023,48,light,Sanders Group,6525.20000
1328,Heinsberg,L6,2014,0, 2 ,"Kelly, Martinez and Alvarez",37324.50000
1329,Lindseymouth,L5,2020,38,3,Gomes S/A,17266.90000
1330,Lake Stephenville,L5,2021,43,light,"Vazquez, Wright and Henry",11636.10000
1331,Celle,L2,2021,66,heavy,Jessel,12728.10000
1332,Estarreja,L2,2019,50,med,Ferreira,18900.70000
1333,Abrantes,L4,2020,15,L,Machado,16084.30000
1334,Évora,L5,2018,116,heavy,Matias,21173.20000
1335,Einbeck,L3,2013,35,1,Nguyen Group,41638.90000
1336,Sondershausen,L3,2023,117,light,Jessel,
1337,Santa Maria da Feira,L1,2023,32,1,"Kelly, Martinez and Alvarez",5784.00000
1338,Port Zacharyview,L4,2022,87,heavy,Cruz,9384.80000
1339,Fundão,L1,2019,2,light,Hentschel GmbH & Co. KGaA,
1340,Sintra,L6,2021,87,heavy,Kruschwitz Ditschlerin AG & Co. OHG,13260.40000
1341,München,L2,2023,47, H ,Butte AG,5909.90000
1342,Celle,L2,2019,33,light,"Vazquez, Wright and Henry",20143.40000
1343,Tondela,L3,2021,9,1,Sá e Filhos,13275.90000
1344,Almeirim,L4,2022,112,heavy,Hentschel GmbH & Co. KGaA,8550.90000
1345,Tondela,L1,2023,59,N,Hentschel GmbH & Co. KGaA,3890.20000
1346,Elvas,L4,2023,52, med ,Maia,5090.00000
1347,Lindseymouth,L5,2023,86,heavy,"Kelly, Martinez and Alvarez",4218.90000
1348,Seixal,L5,2022,80,1,Wilson PLC,8322.00000
1349,Füssen,L6,2019,20,L,Patberg Hering AG & Co. KGaA,17923.90000
1350,Cartermouth,L1,2019,11,med,Jäntsch AG,19359.20000
1351,Dieburg,L2,2020,85, H ,Kruschwitz Ditschlerin AG & Co. OHG,15177.60000
1352,São Mamede de Infesta,L1,2023,79,N,Gomes S/A,6737.20000
1353,Port Stephanieburgh,L2,2021,84,heavy,Tavares S/A,12284.30000
1354,Hainichen,L4,2021,73,normal,Cruz,11131.60000
1355,Davidsonland,L1,2020,40,2,Jäntsch AG,16908.40000
1356,Haldensleben,L2,2020,47,N,Kruschwitz Ditschlerin AG & Co. OHG,16090.60000
1357,Port Peterstad,L6,2021,108,2,Hettner,12538.90000
1358,Lake Michael,L6,2022,78,N,Wilson PLC,9303.20000
1359,Sintra,L2,2021,88,N,Matias,11257.70000
1360,Roberthaven,L2,2021,99,3,Linke,11360.10000
1361,Port Zacharyview,L5,2022,50,N,Moura Cardoso Lda.,9796.70000
1362,Évora,L6,2023,31,2,Hettner,4695.50000
1363,Port Heather,L3,2020,30, light ,"Hernandez, Garcia and Peck",14261.40000
1364,Évora,L1,2021,18,1,Butte AG,12330.40000
1365,Odivelas,L6,2024,14,light,Linke,3405.40000
1366,Lixa,L1,2017,94,3,Brown Group,27445.90000
1367,Oberviechtach,L3,2020,72,med,Hettner,14784.00000
1368,Dunnchester,L5,2020,4,light,Patberg Hering AG & Co. KGaA,14695.40000
1369,Davidsonland,L3,2017,74,2,"Vazquez, Wright and Henry",27609.70000
1370,Sondershausen,L1,2022,35, 1 ,Tavares S/A,7154.00000
1371,Mainburg,L6,2017,40,normal,Langern Eberth KG,25672.30000
1372,São Mamede de Infesta,L1,2018,44,heavy,Jäkel Kroker GmbH & Co. OHG,22093.10000
1373,Oberviechtach,L2,2014,80,H,Cole Group,38415.30000
1374,Lixa,L2,2023,67,med,"Vazquez, Wright and Henry",3876.60000
1375,East Tommy,L4,2023,51, N ,"Vazquez, Wright and Henry",6111.40000
1376,Barcelos,L4,2022,10,1,Langern Eberth KG,8742.00000
1377,Barcelos,L1,2022,96,H,Cole Group,10020.30000
1378,Évora,L4,2022,2,1,Davidson-Johnson,7837.80000
1379,Aue,L2,2022,97,1,"Kelly, Martinez and Alvarez",
1380,Seixal,L3,2022,74,N,Sá e Filhos,8296.90000
1381,Viseu,L1,2021,54,med,Moreira Melo Lda.,11123.70000
1382,Ponte de Sor,L3,2023,18,N,Moura Cardoso Lda.,6652.70000
1383,East Tommy,L2,2022,40,normal,Brown Group,8788.30000
1384,Ponte de Sor,L3,2021,108,H,Cole Group,12549.10000
1385,Bischofswerda,L1,2021,81,3,Sá e Filhos,10650.90000
1386,Lixa,L1,2016,9, light ,Jessel,28536.90000
1387,Lake Stephenville,L5,2020,20,H,Brown Group,14050.60000
1388,München,L3,2022,96,heavy,Gomes S/A,7289.40000
1389,Lake Michael,L1,2012,4,normal,Cruz,45000.00000
1390,Haldensleben,L2,2020,45,heavy,Patberg Hering AG & Co. KGaA,15158.70000
1391,Port Stephanieburgh,L3,2020,62,2,Davidson-Johnson,14060.00000
1392,München,L6,2022,52,N,Paiva Monteiro S.A.,9198.00000
1393,Port Jasminebury,L5,2021,106,heavy,Butte AG,
1394,Port Heather,L1,2019,7,light,Radisch Stadelmann Stiftung & Co. KG,18387.90000
1395,Hainichen,L6,2022,107,L,Davidson-Johnson,9072.80000
1396,Lindseymouth,L6,2022,84,3,"Vazquez, Wright and Henry",
1397,Port Heather,L5,2022,103,L,"Kelly, Martinez and Alvarez",
1398,Caldas da Rainha,L3,2019,103,H,"Vazquez, Wright and Henry",18585.30000
1399,Cartermouth,L1,2017,22,1,Tavares S/A,26349.00000
1400,Lüdenscheid,L5,2022,41,med,"Hernandez, Garcia and Peck",8936.60000
1401,Einbeck,L6,2020,78,normal,"Vazquez, Wright and Henry",14721.90000
1402,Caldas da Rainha,L6,2021,54,med,Schleich Heintze GmbH & Co. OHG,13126.80000
1403,Hainichen,L1,2019,75,1,Cole Group,19420.00000
1404,Einbeck,L5,2020,2,L,Pires,15257.00000
1405,Herzberg,L1,2019,11,L,Patberg Hering AG & Co. KGaA,20609.10000
1406,Lake Stephenville,L3,2023,24,light,Jessel,4931.80000
1407,Santa Maria da Feira,L5,2022,94,med,Brown Group,8341.10000
1408,São Mamede de Infesta,L5,2022,93,light,"Vazquez, Wright and Henry",8032.50000
1409,Roberthaven,L3,2022,5,heavy,Sanders Group,8980.50000
1410,Schweinfurt,L6,2020,34,1,Segebahn Siering AG,17249.30000
1411,Haldensleben,L5,2023,1,1,Langern Eberth KG,5732.50000
1412,São Mamede de Infesta,L5,2021,16,normal,Dörr,13010.30000
1413,Dieburg,L6,2019,33,L,Dörr,19584.50000
1414,Einbeck,L4,2023,68,med,Jäntsch AG,6304.30000
1415,Port Jasminebury,L3,2023,5,L,Textor Stiftung & Co. KG,6705.50000
1416,Schweinfurt,L5,2021,93,heavy,Radisch Stadelmann Stiftung & Co. KG,13180.60000
1417,Coimbra,L3,2020,110,heavy,Moura Cardoso Lda.,14177.00000
1418,Port Jasminebury,L4,2023,94,heavy,Cruz,5798.30000
1419,Dunnchester,L4,2022,64,normal,Langern Eberth KG,
1420,Leiria,L3,2019,95,3,Tavares S/A,18036.70000
1421,Cartermouth,L6,2023,74,2,Maia,5040.30000
1422,Davidsonland,L5,2018,4,light,Kruschwitz Ditschlerin AG & Co. OHG,21407.50000
1423,München,L5,2022,111,1,Linke,9558.00000
1424,Port Heather,L6,2019,67,med,Pires,19312.60000
1425,Fundão,L4,2023,29,L,Radisch Stadelmann Stiftung & Co. KG,6908.20000
1426,Évora,L5,2023,46,normal,"Vazquez, Wright and Henry",4638.80000
1427,Celle,L4,2020,68,med,Brown Group,14532.00000
1428,Laurenstad,L5,2022,43,N,Kruschwitz Ditschlerin AG & Co. OHG,9815.90000
1429,Fundão,L5,2013,111,H,Davidson-Johnson,38932.90000
1430,Évora,L6,2014,49, normal ,Hentschel GmbH & Co. KGaA,35247.30000
1431,Lüdenscheid,L4,2019,63,normal,Tavares S/A,20434.90000
1432,Oberviechtach,L1,2023,102,heavy,Paiva Monteiro S.A.,5972.10000
1433,Dieburg,L2,2021,43,N,Cole Group,13118.60000
1434,Port Peterstad,L4,2022,109,med,Paiva Monteiro S.A.,8490.80000
1435,Évora,L6,2022,71,normal,Hettner,8626.10000
1436,Bautzen,L6,2021,19, normal ,Radisch Stadelmann Stiftung & Co. KG,13709.80000
1437,Dunnchester,L2,2016,63,light,Cole Group,30261.20000
1438,Santa Maria da Feira,L4,2017,24,normal,Sá e Filhos,26944.60000
1439,Sondershausen,L1,2012,111,H,Davidson-Johnson,45000.00000
1440,Sintra,L3,2021,77,med,Brown Group,13642.70000
1441,Vila Real de Santo António,L6,2020,29,L,"Hernandez, Garcia and Peck",15946.30000
1442,Herzberg,L1,2021,25,L,"Hernandez, Garcia and Peck",12721.90000
1443,Einbeck,L5,2020,25,1,Hentschel GmbH & Co. KGaA,15182.80000
1444,Laurenstad,L5,2019,94,normal,Kruschwitz Ditschlerin AG & Co. OHG,17770.70000
1445,Abrantes,L5,2022,91,H,Schleich Heintze GmbH & Co. OHG,8118.90000
1446,Lake Michael,L6,2017,17,1,Moura Cardoso Lda.,27231.10000
1447,Aue,L4,2017,116,H,"Kelly, Martinez and Alvarez",27276.30000
1448,Braga,L3,2017,75,normal,Mende Haering GmbH & Co. OHG,24636.00000
1449,Davidsonland,L1,2023,60,normal,Gomes S/A,4904.10000
1450,Elvas,L4,2022,33, L ,Moura Cardoso Lda.,9446.10000
1451,Herzberg,L2,2024,107,H,Jäntsch AG,
1452,Lake Michael,L3,2023,79,N,Matias,6717.90000
1453,Évora,L2,2021,49,3,Segebahn Siering AG,11653.00000
1454,Caldas da Rainha,L2,2023,81,2,"Vazquez, Wright and Henry",4482.10000
1455,Port Heather,L3,2022,38,L,Radisch Stadelmann Stiftung & Co. KG,8742.90000
1456,Vila Real de Santo António,L3,2016,75,normal,Paiva Monteiro S.A.,28260.00000
1457,Évora,L3,2020,109,H,Brown Group,15993.00000
1458,Port Peterstad,L6,2023,66,N,Dörr,5581.70000
1459,Port Stephanieburgh,L5,2022,53,normal,Paiva Monteiro S.A.,9519.70000
1460,Roberthaven,L2,2019,15,3,Segebahn Siering AG,20524.30000
1461,Braga,L6,2023,16,light,Antunes e Filhos,6237.90000
1462,Aue,L6,2012,19,L,Radisch Stadelmann Stiftung & Co. KG,45000.00000
1463,Odivelas,L3,2014,3,light,Hentschel GmbH & Co. KGaA,38053.60000
1464,Sintra,L4,2023,116,3,Cruz,6906.60000
1465,Leiria,L2,2017,71,med,Wilson PLC,
1466,Mainburg,L4,2019,36,1,Ferreira,18858.30000
1467,Coimbra,L3,2022,100,H,"Vazquez, Wright and Henry",7095.80000
1468,Roberthaven,L5,2014,67,normal,Matias,35592.00000
1469,Port Heather,L5,2021,30,1,Davidson-Johnson,10589.90000
1470,München,L6,2021,4,1,Ferreira,11641.30000
1471,Mêda,L6,2021,74,2,Jäkel Kroker GmbH & Co. OHG,10678.10000
1472,Carrollburgh,L2,2019,46,2,Maia,20526.20000
1473,Ponte de Sor,L2,2023,26,L,Matias,6770.50000
1474,Reguengos de Monsaraz,L5,2024,115,heavy,Schleich Heintze GmbH & Co. OHG,2918.20000
1475,East Tommy,L5,2021,41,med,Schleich Heintze GmbH & Co. OHG,12001.10000
1476,Roberthaven,L3,2022,69,med,Linke,9512.80000
1477,Caldas da Rainha,L4,2021,67,1,Sá e Filhos,12014.00000
1478,Mainburg,L4,2019,88, 3 ,Moreira Melo Lda.,17719.70000
1479,Einbeck,L5,2022,119,heavy,Schleich Heintze GmbH & Co. OHG,7903.30000
1480,East Tommy,L3,2017,12,L,Radisch Stadelmann Stiftung & Co. KG,27118.50000
1481,São Mamede de Infesta,L6,2017,49,normal,Jessel,26727.50000
1482,Lindseymouth,L6,2020,101,H,Jessel,16443.70000
1483,Port Jasminebury,L4,2023,7,3,Cardoso,6350.90000
1484,Caldas da Rainha,L4,2019,39,light,Matias,19825.20000
1485,Évora,L3,2020,3,1,Ferreira,15246.60000
1486,Vila Real de Santo António,L5,2020,36,3,Butte AG,17446.80000
1487,Port Zacharyview,L4,2023,63,light,Radisch Stadelmann Stiftung & Co. KG,5051.50000
1488,Santa Maria da Feira,L6,2015,55, normal ,Matias,33244.20000
1489,Hainichen,L1,2017,21,light,Cole Group,25204.30000
1490,Estarreja,L6,2018,61,normal,Textor Stiftung & Co. KG,21511.80000
1491,Laurenstad,L4,2020,97,heavy,"Vazquez, Wright and Henry",15484.50000
1492,Seixal,L4,2022,54, N ,Cruz,7036.90000
1493,Roberthaven,L5,2022,85,3,Moreira Melo Lda.,9009.30000
1494,Celle,L3,2020,54,normal,Gomes S/A,15079.60000
1495,Lake Michael,L4,2022,90,L,Sanders Group,9486.20000
1496,Carrollburgh,L6,2022,115,1,Patberg Hering AG & Co. KGaA,8196.60000
1497,Braga,L1,2021,70,1,Jäkel Kroker GmbH & Co. OHG,12120.30000
1498,München,L6,2019,60,med,Nguyen Group,17571.20000
1499,Lake Stephenville,L6,2023,61,2,Langern Eberth KG,4854.00000
1500,Vila Real de Santo António,L3,2023,72,N,Ferreira,
1501,Port Stephanieburgh,L3,2022,70,2,Brown Group,7357.20000
1502,Fundão,L1,2022,53,N,Sanders Group,8711.60000
1503,Hainichen,L5,2019,3,2,"Kelly, Martinez and Alvarez",18791.80000
1504,München,L5,2022,40, 1 ,Jäntsch AG,9204.70000
1505,Celle,L1,2015,105,light,Tavares S/A,33520.50000
1506,Sintra,L3,2023,19,1,Pergande Hiller GmbH & Co. KG,3510.90000
1507,Cartermouth,L5,2014,86,heavy,Hettner,35206.20000
1508,Heinsberg,L6,2020,13,1,Tavares S/A,14979.30000
1509,Lindseymouth,L1,2023,2,light,Matias,4127.90000
1510,East Tommy,L5,2017,114,L,Jäntsch AG,24515.40000
1511,Carrollburgh,L5,2020,8,1,Maia,17385.70000
1512,Port Zacharyview,L5,2021,17,light,Hentschel GmbH & Co. KGaA,12035.20000
1513,Bautzen,L4,2024,22,L,Butte AG,1843.50000
1514,São Mamede de Infesta,L6,2022,61,med,Moreira Melo Lda.,7745.00000
1515,Amora,L1,2021,98,1,Maia,12467.80000
1516,Ponte de Sor,L1,2020,114,3,Tavares S/A,15296.40000
1517,Coimbra,L6,2019,37,med,Kruschwitz Ditschlerin AG & Co. OHG,19112.80000
1518,Herzberg,L5,2021,48, normal ,Mende Haering GmbH & Co. OHG,13174.10000
1519,Barcelos,L4,2023,29,L,Moreira Melo Lda.,6250.20000
1520,Celle,L6,2021,33,L,Sanders Group,13588.20000
1521,Lixa,L1,2022,40, normal ,Paiva Monteiro S.A.,7845.30000
1522,Heinsberg,L3,2021,44,H,Radisch Stadelmann Stiftung & Co. KG,11427.60000
1523,Bautzen,L4,2022,51,N,Nguyen Group,7873.80000
1524,Almeirim,L1,2023,27,light,Wilson PLC,3922.30000
1525,Caldas da Rainha,L4,2015,25,1,Cole Group,33644.10000
1526,Viseu,L3,2023,15,light,Dörr,6663.70000
1527,Barcelos,L4,2020,105, 3 ,Langern Eberth KG,15750.00000
1528,Bischofswerda,L2,2023,26,1,Schleich Heintze GmbH & Co. OHG,4364.00000
1529,Haldensleben,L6,2020,86,H,Kruschwitz Ditschlerin AG & Co. OHG,14222.40000
1530,Cartermouth,L3,2021,51,normal,Davidson-Johnson,12431.90000
1531,Tondela,L6,2021,82,3,Cole Group,10655.40000
1532,Lixa,L5,2023,102,3,Gomes S/A,6184.10000
1533,Lake Michael,L6,2023,115,H,Dörr,4880.30000
1534,Haldensleben,L5,2024,99,1,Cruz,2926.60000
1535,Mêda,L5,2022,111,1,Ferreira,10094.70000
1536,Lindseymouth,L3,2015,107,H,Segebahn Siering AG,31698.50000
1537,Schweinfurt,L1,2021,41,med,Moreira Melo Lda.,12748.90000
1538,Lake Stephenville,L2,2020,68,2,Radisch Stadelmann Stiftung & Co. KG,
1539,Sintra,L6,2023,38,L,Sá e Filhos,4028.00000
1540,Sondershausen,L2,2021,80,3,Jessel,10880.10000
1541,Bautzen,L6,2023,10,med,Cardoso,6878.90000
1542,Lake Stephenville,L1,2012,68,N,Langern Eberth KG,45000.00000
1543,Carrollburgh,L6,2021,28,L,Pergande Hiller GmbH & Co. KG,13445.70000
1544,Viseu,L4,2021,76,2,Kruschwitz Ditschlerin AG & Co. OHG,12616.10000
1545,Bischofswerda,L3,2023,48,normal,Machado,4645.30000
1546,Bautzen,L2,2020,87,3,Jessel,16141.80000
1547,Évora,L1,2023,84,N,"Hernandez, Garcia and Peck",6519.30000
1548,Lüdenscheid,L2,2016,24,L,Hettner,29013.40000
1549,Sondershausen,L2,2018,22,L,Hettner,23704.80000
1550,Santa Maria da Feira,L6,2020,7,1,Matias,16733.30000
1551,Cartermouth,L4,2021,73,normal,"Vazquez, Wright and Henry",11803.30000
1552,Port Stephanieburgh,L5,2014,61,N,Cardoso,
1553,Odivelas,L6,2020,34,L,Cole Group,14040.60000
1554,Port Peterstad,L4,2020,54,2,Moreira Melo Lda.,17061.10000
1555,Cartermouth,L2,2017,92,H,Segebahn Siering AG,26479.30000
1556,Heinsberg,L1,2019,69,med,Cardoso,17745.90000
1557,Évora,L4,2017,28, 2 ,Maia,26828.60000
1558,Mainburg,L4,2022,44,light,Machado,10070.60000
1559,Barcelos,L3,2021,5,light,Jessel,13806.30000
1560,Laurenstad,L3,2023,57,med,Jessel,4716.10000
1561,Coimbra,L6,2023,66,light,Machado,4134.70000
1562,Herzberg,L3,2022,88, heavy ,"Vazquez, Wright and Henry",10084.50000
1563,Carrollburgh,L3,2020,24,1,Antunes e Filhos,14487.00000
1564,Vila Real de Santo António,L4,2022,47,med,Maia,9862.20000
1565,Coimbra,L4,2020,97,heavy,Jäntsch AG,14078.40000
1566,Fundão,L4,2023,9,heavy,Sá e Filhos,4772.30000
1567,Vila Real de Santo António,L3,2022,84,2,Butte AG,10327.40000
1568,Dunnchester,L1,2022,14,light,"Hernandez, Garcia and Peck",10422.60000
1569,Port Heather,L2,2018,62,N,Pergande Hiller GmbH & Co. KG,
1570,Braga,L5,2021,32, N ,Cole Group,11016.50000
1571,East Tommy,L5,2023,25,light,Dörr,5220.10000
1572,Lindseymouth,L3,2018,10,1,Jäntsch AG,24496.20000
1573,São Mamede de Infesta,L1,2022,14, light ,Nguyen Group,9029.00000
1574,Carrollburgh,L6,2021,65,med,Paiva Monteiro S.A.,13302.60000
1575,Port Peterstad,L3,2022,6, L ,Davidson-Johnson,7751.20000
1576,Dieburg,L1,2020,85,H,Brown Group,16853.70000
1577,East Tommy,L4,2023,4,3,Cole Group,
1578,Lake Michael,L6,2015,32,L,Segebahn Siering AG,33417.10000
1579,München,L6,2022,39,light,Cardoso,8211.70000
1580,Port Stephanieburgh,L1,2021,70, 2 ,Linke,10789.90000
1581,München,L1,2021,95,H,"Hernandez, Garcia and Peck",11397.20000
1582,Mainburg,L6,2021,51,N,Moreira Melo Lda.,13525.50000
1583,Mêda,L1,2018,7,L,Brown Group,
1584,Caldas da Rainha,L5,2021,34,med,Wilson PLC,
1585,Cartermouth,L1,2023,3, L ,Sá e Filhos,6411.30000
1586,Barcelos,L3,2022,81,light,Jäntsch AG,7877.20000
1587,Schweinfurt,L5,2018,102,heavy,Sanders Group,22147.50000
1588,Viseu,L4,2021,73,normal,Moreira Melo Lda.,11994.20000
1589,Oberviechtach,L6,2022,49,2,Antunes e Filhos,7698.40000
1590,Caldas da Rainha,L6,2021,18,1,Mende Haering GmbH & Co. OHG,11918.40000
1591,Lüdenscheid,L5,2021,70,2,Radisch Stadelmann Stiftung & Co. KG,12022.80000
1592,Évora,L5,2020,61,2,Paiva Monteiro S.A.,14181.90000
1593,Herzberg,L5,2021,116,light,Radisch Stadelmann Stiftung & Co. KG,11982.60000
1594,Leiria,L3,2021,85,heavy,Patberg Hering AG & Co. KGaA,10926.00000
1595,München,L5,2022,65,N,Kruschwitz Ditschlerin AG & Co. OHG,10334.30000
1596,Almeirim,L1,2020,96,3,Brown Group,16690.20000
1597,Füssen,L6,2022,111,L,Brown Group,8478.30000
1598,Füssen,L4,2023,94, H ,Jäntsch AG,3815.00000
1599,Cartermouth,L2,2022,57,H,Segebahn Siering AG,7668.70000
1600,Reguengos de Monsaraz,L2,2022,64,2,"Vazquez, Wright and Henry",8959.50000
1601,Amora,L6,2022,17,L,Wilson PLC,8552.20000
1602,Herzberg,L2,2014,58,med,Brown Group,36007.90000
1603,Haldensleben,L5,2021,66,normal,Jäkel Kroker GmbH & Co. OHG,12576.60000
1604,Port Peterstad,L5,2019,75,N,Antunes e Filhos,19273.60000
1605,Sintra,L6,2020,3,light,Moreira Melo Lda.,14286.20000
1606,Almeirim,L6,2012,101,H,Paiva Monteiro S.A.,
1607,Odivelas,L3,2021,89,2,"Kelly, Martinez and Alvarez",10541.00000
1608,Seixal,L5,2018,3,1,Machado,21418.00000
1609,São Mamede de Infesta,L1,2017,36,L,Machado,24956.80000
1610,Füssen,L4,2017,47,normal,Radisch Stadelmann Stiftung & Co. KG,24678.60000
1611,Coimbra,L1,2021,79,2,Hentschel GmbH & Co. KGaA,13954.50000
1612,Santa Maria da Feira,L4,2021,15,L,Kruschwitz Ditschlerin AG & Co. OHG,
1613,Lüdenscheid,L5,2023,33, 1 ,Jäkel Kroker GmbH & Co. OHG,4419.10000
1614,Santa Maria da Feira,L3,2020,6, L ,Pires,16667.30000
1615,Dieburg,L5,2017,105,heavy,Gomes S/A,25992.60000
1616,Port Peterstad,L2,2022,45,med,Brown Group,9000.30000
1617,Seixal,L2,2020,6,L,Nguyen Group,17455.50000
1618,Ponte de Sor,L3,2021,30,1,Textor Stiftung & Co. KG,13978.60000
1619,Füssen,L5,2021,84,heavy,Cardoso,11187.90000
1620,Mêda,L4,2023,25, heavy ,"Vazquez, Wright and Henry",6513.80000
1621,Braga,L2,2017,57,med,Schleich Heintze GmbH & Co. OHG,24593.50000
1622,Celle,L1,2019,114, 3 ,Ferreira,18293.10000
1623,Évora,L3,2019,110,H,Textor Stiftung & Co. KG,19345.20000
1624,Sintra,L6,2022,117,3,Matias,10391.00000
1625,Schweinfurt,L3,2023,44,2,Linke,4034.10000
1626,Caldas da Rainha,L1,2022,67, N ,Machado,9749.20000
1627,Évora,L5,2020,72,N,Davidson-Johnson,15761.40000
1628,Rio Maior,L6,2021,69,3,Moreira Melo Lda.,13924.10000
1629,Celle,L3,2016,62,normal,"Hernandez, Garcia and Peck",28933.90000
1630,Tondela,L5,2012,78,2,Linke,45000.00000
1631,Almeirim,L5,2022,10,light,Patberg Hering AG & Co. KGaA,
1632,Leiria,L5,2024,34,med,Cole Group,3172.60000
1633,Reguengos de Monsaraz,L4,2021,54,N,Nguyen Group,13509.80000
1634,Laurenstad,L5,2023,55,med,"Kelly, Martinez and Alvarez",
1635,Einbeck,L4,2019,50,med,Sanders Group,19700.40000
1636,Lüdenscheid,L6,2022,33,light,Sá e Filhos,9960.50000
1637,Elvas,L2,2022,19,1,Butte AG,10460.50000
1638,Oberviechtach,L1,2020,42,med,Brown Group,15605.70000
1639,Füssen,L2,2019,11, L ,Kruschwitz Ditschlerin AG & Co. OHG,20698.10000
1640,Dieburg,L3,2018,5,L,Moura Cardoso Lda.,
1641,Cartermouth,L3,2023,6,L,Langern Eberth KG,4167.90000
1642,Haldensleben,L6,2022,95, 3 ,Radisch Stadelmann Stiftung & Co. KG,7057.20000
1643,Viseu,L1,2023,73,N,Sá e Filhos,6088.00000
1644,Rachelton,L2,2014,91,3,Dörr,37381.50000
1645,Aue,L2,2022,7,L,Tavares S/A,7555.00000
1646,Bischofswerda,L3,2022,92,heavy,Ferreira,7044.30000
1647,Viseu,L2,2022,64,heavy,"Vazquez, Wright and Henry",7144.30000
1648,Caldas da Rainha,L2,2022,99,1,Gomes S/A,7216.50000
1649,Seixal,L5,2021,60,N,Sá e Filhos,11801.70000
1650,Reguengos de Monsaraz,L1,2016,56,2,Maia,28862.20000
1651,München,L4,2022,45,normal,Patberg Hering AG & Co. KGaA,7521.40000
1652,Port Heather,L3,2020,80,3,"Hernandez, Garcia and Peck",16065.70000
1653,Abrantes,L1,2020,44,1,Pergande Hiller GmbH & Co. KG,14421.50000
1654,Amora,L4,2022,38,L,Moreira Melo Lda.,
1655,Port Peterstad,L2,2021,119,3,Pires,12306.50000
1656,München,L1,2023,8,L,Moura Cardoso Lda.,6085.00000
1657,Ponte de Sor,L6,2019,24,L,Machado,17797.60000
1658,Roberthaven,L1,2021,90,3,Moura Cardoso Lda.,12275.90000
1659,Odivelas,L5,2018,40,N,Ferreira,23012.50000
1660,Bischofswerda,L5,2019,7,L,Patberg Hering AG & Co. KGaA,18414.70000
1661,Dunnchester,L6,2023,80,3,Paiva Monteiro S.A.,3806.70000
1662,Mêda,L1,2012,115,3,Segebahn Siering AG,44602.40000
1663,Abrantes,L1,2023,10,1,Butte AG,5294.00000
1664,Reguengos de Monsaraz,L4,2018,54,med,Cole Group,21025.20000
1665,Vila Real de Santo António,L2,2022,36,2,Hettner,7434.60000
1666,East Tommy,L5,2023,86,heavy,Segebahn Siering AG,5022.70000
1667,Davidsonland,L3,2022,80,3,Machado,9612.50000
1668,Vila Real de Santo António,L5,2018,35,heavy,"Vazquez, Wright and Henry",23467.20000
1669,Dunnchester,L5,2020,41,1,"Hernandez, Garcia and Peck",16728.90000
1670,East Tommy,L1,2022,11,light,Davidson-Johnson,10305.50000
1671,Aue,L6,2022,48,N,Moura Cardoso Lda.,9650.00000
1672,Évora,L5,2020,46,N,Pires,17340.70000
1673,East Tommy,L5,2020,25,1,Jäkel Kroker GmbH & Co. OHG,16896.00000
1674,Seixal,L2,2018,65,3,Maia,24319.10000
1675,Davidsonland,L3,2018,107,N,Hettner,23605.40000
1676,Lindseymouth,L4,2020,78,N,Davidson-Johnson,14434.50000
1677,Schweinfurt,L4,2023,14,L,Kruschwitz Ditschlerin AG & Co. OHG,5935.90000
1678,Bautzen,L4,2022,118,3,Sanders Group,9837.80000
1679,Davidsonland,L5,2022,69,2,Maia,9678.00000
1680,Évora,L6,2023,105,heavy,"Kelly, Martinez and Alvarez",4372.80000
1681,Port Stephanieburgh,L4,2023,79,N,Hentschel GmbH & Co. KGaA,4579.70000
1682,München,L4,2017,101,normal,Tavares S/A,27935.40000
1683,Hainichen,L5,2015,0,L,Hentschel GmbH & Co. KGaA,32901.00000
1684,Braga,L6,2022,20,L,Sanders Group,10037.40000
1685,München,L6,2020,60,2,Wilson PLC,14416.10000
1686,Vila Real de Santo António,L5,2023,49,2,Jessel,6261.70000
1687,Einbeck,L2,2017,11,H,Cruz,26939.60000
1688,Cartermouth,L1,2023,54,N,Wilson PLC,5846.90000
1689,São Mamede de Infesta,L1,2021,33,light,"Vazquez, Wright and Henry",12369.10000
1690,São Mamede de Infesta,L2,2022,14,light,Nguyen Group,10151.60000
1691,Haldensleben,L5,2023,22,light,Wilson PLC,6591.20000
1692,East Tommy,L6,2022,13,med,Brown Group,9331.40000
1693,Almeirim,L6,2019,96,3,"Vazquez, Wright and Henry",19179.90000
1694,Einbeck,L3,2022,55,med,Brown Group,9288.40000
1695,Estarreja,L6,2022,30,light,"Hernandez, Garcia and Peck",9996.00000
1696,Lake Stephenville,L2,2023,42,normal,Machado,6200.90000
1697,München,L6,2021,47,1,Matias,11916.60000
1698,Port Jasminebury,L5,2022,80,H,Linke,
1699,Einbeck,L5,2022,5,H,Maia,10476.90000
1700,Caldas da Rainha,L3,2020,112,heavy,Moreira Melo Lda.,15202.90000
1701,Lüdenscheid,L3,2023,67,med,Wilson PLC,5980.70000
1702,Fundão,L5,2022,107,H,Matias,7585.60000
1703,Vila Real de Santo António,L1,2019,4,light,Gomes S/A,19156.20000
1704,Laurenstad,L2,2020,107,H,Mende Haering GmbH & Co. OHG,14376.30000
1705,Hainichen,L3,2024,12,heavy,Kruschwitz Ditschlerin AG & Co. OHG,2479.70000
1706,Dieburg,L3,2023,43,N,Ferreira,5717.50000
1707,Hainichen,L3,2017,80,3,"Vazquez, Wright and Henry",25463.90000
1708,Abrantes,L4,2016,63,2,Machado,28587.90000
1709,Carrollburgh,L5,2023,54,2,Moreira Melo Lda.,3770.20000
1710,München,L6,2023,80,3,Nguyen Group,
1711,Vila Real de Santo António,L6,2022,31,L,Matias,7050.70000
1712,Heinsberg,L5,2023,92,3,Wilson PLC,3668.70000
1713,São Mamede de Infesta,L4,2022,5,L,Linke,8084.40000
1714,Lüdenscheid,L1,2022,37,light,Schleich Heintze GmbH & Co. OHG,7238.90000
1715,Barcelos,L6,2023,85, H ,Langern Eberth KG,5734.10000
1716,Barcelos,L6,2021,110,heavy,Moura Cardoso Lda.,12683.00000
1717,Mêda,L5,2020,22,L,Langern Eberth KG,16246.70000
1718,Santa Maria da Feira,L2,2022,100,heavy,Schleich Heintze GmbH & Co. OHG,9433.10000
1719,Rio Maior,L6,2023,62,med,Dörr,
1720,Heinsberg,L3,2020,73,med,Jäkel Kroker GmbH & Co. OHG,15057.70000
1721,Port Zacharyview,L2,2012,91,1,Matias,44689.60000
1722,Davidsonland,L4,2019,33,L,Brown Group,18872.30000
1723,Amora,L4,2021,24,L,Pergande Hiller GmbH & Co. KG,12888.10000
1724,Port Jasminebury,L6,2022,72, L ,Davidson-Johnson,10337.70000
1725,Sintra,L1,2022,25,L,Radisch Stadelmann Stiftung & Co. KG,8577.50000
1726,Lindseymouth,L3,2021,43,2,Pergande Hiller GmbH & Co. KG,13121.50000
1727,Viseu,L6,2023,81,3,Patberg Hering AG & Co. KGaA,5521.70000
1728,Haldensleben,L4,2012,65, N ,Brown Group,45000.00000
1729,Lake Stephenville,L1,2021,39,L,Sanders Group,10887.40000
1730,Herzberg,L5,2020,50,normal,Sanders Group,14582.70000
1731,Sondershausen,L4,2021,34,light,Tavares S/A,10774.90000
1732,Port Zacharyview,L6,2018,31,1,Segebahn Siering AG,22452.90000
1733,Lake Michael,L5,2022,86,normal,Brown Group,8519.10000
1734,Sondershausen,L6,2012,112,H,Hentschel GmbH & Co. KGaA,45000.00000
1735,Fundão,L1,2015,24,L,Paiva Monteiro S.A.,32423.90000
1736,Lake Michael,L1,2022,13,light,Brown Group,10143.00000
1737,Barcelos,L5,2019,24,light,Ferreira,20035.80000
1738,Port Stephanieburgh,L2,2023,33,L,"Vazquez, Wright and Henry",6274.30000
1739,East Tommy,L5,2016,55,N,Cole Group,29965.30000
1740,Viseu,L1,2024,99,H,Moura Cardoso Lda.,3341.50000
1741,Abrantes,L4,2015,15,light,Jäntsch AG,33192.30000
1742,Santa Maria da Feira,L3,2020,111,med,Linke,15046.10000
1743,Rio Maior,L6,2018,62,med,Patberg Hering AG & Co. KGaA,22724.40000
1744,Carrollburgh,L6,2021,115,H,Pires,11392.10000
1745,Reguengos de Monsaraz,L3,2021,102,H,Cardoso,10646.20000
1746,Évora,L1,2018,29,1,Nguyen Group,22639.10000
1747,Barcelos,L2,2019,116,3,"Hernandez, Garcia and Peck",18486.10000
1748,Laurenstad,L3,2023,31, light ,Antunes e Filhos,6692.60000
1749,Celle,L4,2022,78,med,"Kelly, Martinez and Alvarez",8582.80000
1750,Laurenstad,L1,2017,57,N,Textor Stiftung & Co. KG,26513.60000
1751,Almeirim,L6,2020,92,heavy,Davidson-Johnson,14891.00000
1752,Vila Real de Santo António,L4,2020,109,3,"Hernandez, Garcia and Peck",14530.40000
1753,Reguengos de Monsaraz,L1,2017,116,H,Kruschwitz Ditschlerin AG & Co. OHG,27457.50000
1754,Caldas da Rainha,L2,2023,16, light ,Jäkel Kroker GmbH & Co. OHG,5622.60000
1755,Almeirim,L1,2021,29,3,Matias,11564.10000
1756,Bischofswerda,L5,2022,11,light,Jäntsch AG,9857.50000
1757,Herzberg,L5,2019,89,3,Dörr,19304.90000
1758,Amora,L5,2023,52,1,"Kelly, Martinez and Alvarez",6672.20000
1759,Odivelas,L1,2021,16,2,Gomes S/A,12090.40000
1760,São Mamede de Infesta,L5,2021,46,2,Moreira Melo Lda.,12684.10000
1761,Dunnchester,L5,2021,67,2,Antunes e Filhos,12033.30000
1762,Haldensleben,L2,2021,37,N,"Kelly, Martinez and Alvarez",12461.40000
1763,Lindseymouth,L4,2022,82,light,Kruschwitz Ditschlerin AG & Co. OHG,7272.70000
1764,Einbeck,L4,2020,24,1,"Kelly, Martinez and Alvarez",15189.30000
1765,Coimbra,L2,2019,40,normal,Hentschel GmbH & Co. KGaA,19167.70000
1766,Elvas,L6,2020,80,3,Maia,17445.60000
1767,São Mamede de Infesta,L3,2019,115,H,Paiva Monteiro S.A.,20178.90000
1768,Mêda,L2,2020,39,light,Antunes e Filhos,14098.80000
1769,Viseu,L1,2021,41,2,Ferreira,11917.10000
1770,Reguengos de Monsaraz,L6,2023,99,H,Cole Group,6153.80000
1771,Bautzen,L2,2019,52,med,Davidson-Johnson,19281.40000
1772,Bautzen,L6,2020,76,med,Kruschwitz Ditschlerin AG & Co. OHG,
1773,Bautzen,L5,2019,114,H,Jäntsch AG,19096.80000
1774,Mainburg,L1,2021,53,N,Tavares S/A,11466.70000
1775,Hainichen,L2,2021,73,N,Matias,11025.50000
1776,Port Zacharyview,L1,2022,13,L,Moura Cardoso Lda.,7220.00000
1777,Seixal,L5,2019,38,light,Davidson-Johnson,18401.20000
1778,Davidsonland,L3,2020,84,heavy,Sá e Filhos,14317.10000
1779,São Mamede de Infesta,L1,2012,46,2,Wilson PLC,45000.00000
1780,Hainichen,L1,2021,74, med ,Sanders Group,13170.20000
1781,Oberviechtach,L4,2018,61,H,Maia,23271.50000
1782,Estarreja,L1,2022,103,3,Jäntsch AG,7947.00000
1783,Almeirim,L6,2022,40, N ,Brown Group,10363.90000
1784,Dieburg,L5,2023,29,N,Schleich Heintze GmbH & Co. OHG,4796.60000
1785,Évora,L3,2019,37,light,Cardoso,19529.20000
1786,Reguengos de Monsaraz,L6,2023,45,normal,Gomes S/A,4973.40000
1787,Port Stephanieburgh,L3,2020,23,L,Linke,17164.70000
1788,Rio Maior,L4,2019,28,N,Patberg Hering AG & Co. KGaA,18041.80000
1789,Barcelos,L4,2022,16, L ,Patberg Hering AG & Co. KGaA,7059.40000
1790,Einbeck,L2,2022,19,L,Schleich Heintze GmbH & Co. OHG,8270.40000
1791,Heinsberg,L3,2021,21,N,Matias,11924.70000
1792,Heinsberg,L1,2017,20,heavy,Linke,25073.10000
1793,Viseu,L3,2017,76,2,Jäntsch AG,24705.80000
1794,Vila Real de Santo António,L2,2021,80,heavy,Sá e Filhos,13892.30000
1795,Caldas da Rainha,L5,2013,92,heavy,Textor Stiftung & Co. KG,40627.70000
1796,Évora,L3,2023,106,3,Hettner,6699.50000
1797,München,L4,2018,65,normal,"Hernandez, Garcia and Peck",22567.40000
1798,Reguengos de Monsaraz,L2,2024,19,1,Jessel,2283.40000
1799,Schweinfurt,L4,2018,42,N,Hettner,24486.50000
1800,Aue,L4,2023,55,N,"Kelly, Martinez and Alvarez",6712.10000
1801,Seixal,L3,2020,41,N,Machado,14400.80000
1802,Rachelton,L3,2022,77,med,Pergande Hiller GmbH & Co. KG,8185.20000
1803,Elvas,L5,2023,16,light,Maia,6153.90000
1804,Reguengos de Monsaraz,L1,2012,51,med,Machado,45000.00000
1805,Lindseymouth,L4,2021,1,1,Tavares S/A,
1806,Tondela,L4,2022,106,3,Antunes e Filhos,7239.50000
1807,Mêda,L4,2021,23,L,"Hernandez, Garcia and Peck",10797.20000
1808,Vila Real de Santo António,L3,2022,38,1,Jessel,8460.40000
1809,Sintra,L3,2020,0,normal,Matias,14714.60000
1810,Almeirim,L2,2021,84,1,Tavares S/A,12571.00000
1811,Roberthaven,L2,2023,56,2,Dörr,4061.90000
1812,East Tommy,L6,2021,58,2,"Kelly, Martinez and Alvarez",11094.10000
1813,Lixa,L6,2023,21,light,Langern Eberth KG,5120.80000
1814,Port Jasminebury,L4,2022,4,light,Pergande Hiller GmbH & Co. KG,8822.70000
1815,Schweinfurt,L5,2022,69,2,Pires,10081.70000
1816,Ponte de Sor,L4,2012,48,N,Maia,42835.00000
1817,Sondershausen,L1,2020,45,heavy,Textor Stiftung & Co. KG,16142.70000
1818,Port Stephanieburgh,L3,2023,86,heavy,"Kelly, Martinez and Alvarez",5066.70000
1819,Barcelos,L2,2021,74,3,Wilson PLC,11723.70000
1820,Amora,L6,2021,8, heavy ,Dörr,10589.50000
1821,Lindseymouth,L1,2022,35,2,Langern Eberth KG,9822.40000
1822,Heinsberg,L2,2019,97,H,Segebahn Siering AG,18147.90000
1823,Davidsonland,L6,2021,104,3,Brown Group,11263.30000
1824,Sondershausen,L6,2022,4, normal ,Machado,7672.30000
1825,Sintra,L5,2022,112,3,Schleich Heintze GmbH & Co. OHG,10342.80000
1826,Lixa,L4,2021,44,med,Jessel,13872.70000
1827,Évora,L6,2020,33,med,Patberg Hering AG & Co. KGaA,14210.90000
1828,Lüdenscheid,L1,2022,25,light,Hettner,10459.00000
1829,Lake Stephenville,L2,2018,24,1,Sanders Group,21132.30000
1830,Sintra,L6,2017,31,1,Moura Cardoso Lda.,25855.40000
1831,Barcelos,L5,2023,51,N,Mende Haering GmbH & Co. OHG,6632.60000
1832,East Tommy,L6,2023,94,3,Antunes e Filhos,4765.10000
1833,Fundão,L6,2021,48,N,Dörr,13705.10000
1834,Port Heather,L4,2022,35,N,Cruz,8545.90000
1835,Fundão,L2,2019,87,heavy,Cruz,19734.10000
1836,Coimbra,L3,2023,85,H,Sanders Group,
1837,Füssen,L6,2016,75, med ,Sá e Filhos,28037.90000
1838,Évora,L3,2019,19,light,Butte AG,17519.40000
1839,Einbeck,L4,2021,54,light,Cardoso,13509.10000
1840,Seixal,L3,2022,32,L,Ferreira,10014.40000
1841,Port Peterstad,L3,2022,43,med,Moura Cardoso Lda.,9044.70000
1842,Celle,L5,2021,95, N ,Jessel,
1843,Reguengos de Monsaraz,L1,2020,43,1,Linke,
1844,Barcelos,L6,2023,28,1,Jäntsch AG,6955.30000
1845,Lüdenscheid,L1,2016,75,normal,Dörr,29496.60000
1846,Estarreja,L2,2014,4,light,Moura Cardoso Lda.,35203.40000
1847,Dieburg,L6,2021,53,2,Brown Group,13310.60000
1848,Elvas,L3,2023,40,normal,Butte AG,5608.10000
1849,Braga,L3,2022,63,med,Dörr,9410.00000
1850,Davidsonland,L5,2019,34,light,Wilson PLC,
1851,Sintra,L6,2023,42, 2 ,Linke,6012.40000
1852,Laurenstad,L4,2019,16,light,Cruz,20344.60000
1853,Rio Maior,L1,2023,94,H,Pires,6069.10000
1854,Leiria,L2,2016,10,L,Gomes S/A,30165.00000
1855,Dieburg,L4,2021,68,normal,Jäntsch AG,10789.00000
1856,Füssen,L1,2021,34,1,"Vazquez, Wright and Henry",13231.50000
1857,Barcelos,L3,2022,16,light,Moura Cardoso Lda.,9548.60000
1858,Davidsonland,L2,2016,33,L,Textor Stiftung & Co. KG,29204.10000
1859,Lake Michael,L4,2019,85,light,Jäntsch AG,19194.70000
1860,Celle,L3,2022,95,H,Moreira Melo Lda.,9677.10000
1861,Rio Maior,L5,2024,95,3,Butte AG,
1862,Oberviechtach,L4,2023,61,2,Schleich Heintze GmbH & Co. OHG,6026.50000
1863,Herzberg,L6,2022,29, L ,"Vazquez, Wright and Henry",7342.90000
1864,Celle,L6,2018,112, H ,Gomes S/A,21023.80000
1865,Estarreja,L4,2021,38,1,Hentschel GmbH & Co. KGaA,13628.00000
1866,Dunnchester,L3,2019,8,light,Mende Haering GmbH & Co. OHG,19129.20000
1867,Rio Maior,L5,2017,85,heavy,Butte AG,27695.50000
1868,Braga,L1,2023,46,heavy,Langern Eberth KG,4557.80000
1869,Seixal,L5,2021,40,normal,Sanders Group,13755.40000
1870,East Tommy,L1,2023,13,light,Antunes e Filhos,3680.60000
1871,Haldensleben,L5,2017,22,1,Moura Cardoso Lda.,24629.90000
1872,Viseu,L3,2021,21,L,"Hernandez, Garcia and Peck",13965.50000
1873,Rachelton,L6,2016,30,3,Textor Stiftung & Co. KG,28916.30000
1874,Lüdenscheid,L2,2023,49,normal,Patberg Hering AG & Co. KGaA,6075.30000
1875,Ponte de Sor,L5,2012,4,light,Cole Group,
1876,Ponte de Sor,L3,2019,118,heavy,Gomes S/A,17794.90000
1877,Oberviechtach,L2,2022,96,3,Radisch Stadelmann Stiftung & Co. KG,9414.20000
1878,Mêda,L2,2018,103,3,Schleich Heintze GmbH & Co. OHG,23247.90000
1879,Viseu,L4,2023,100,heavy,Hentschel GmbH & Co. KGaA,3882.50000
1880,Odivelas,L3,2022,29,med,Dörr,9391.20000
1881,Lake Michael,L5,2022,78, N ,Pires,
1882,Vila Real de Santo António,L6,2021,86,3,Jessel,13033.30000
1883,Schweinfurt,L2,2023,81, heavy ,Dörr,6274.80000
1884,Port Stephanieburgh,L2,2020,52,med,Radisch Stadelmann Stiftung & Co. KG,15574.20000
1885,São Mamede de Infesta,L4,2023,1,L,"Vazquez, Wright and Henry",3877.90000
1886,Herzberg,L5,2021,41,med,Ferreira,13286.30000
1887,Aue,L6,2022,79,med,Linke,9235.10000
1888,Sondershausen,L6,2012,61,normal,Pires,42199.60000
1889,Lindseymouth,L2,2022,95,H,Butte AG,
1890,Cartermouth,L5,2019,37,light,Antunes e Filhos,18841.50000
1891,Roberthaven,L6,2020,68,normal,Cardoso,15975.20000
1892,Odivelas,L3,2022,13,3,Sá e Filhos,7394.00000
1893,Füssen,L3,2020,116,H,Hettner,14552.40000
1894,Rio Maior,L4,2019,32,1,Kruschwitz Ditschlerin AG & Co. OHG,18673.50000
1895,Rachelton,L5,2019,65,N,Radisch Stadelmann Stiftung & Co. KG,18549.30000
1896,Schweinfurt,L6,2020,113,H,Cardoso,17314.60000
1897,Rachelton,L1,2022,29,1,Sanders Group,9913.40000
1898,Vila Real de Santo António,L6,2023,69,2,Textor Stiftung & Co. KG,5522.90000
1899,Füssen,L1,2019,58,normal,"Vazquez, Wright and Henry",18500.00000
1900,Port Zacharyview,L2,2023,61,2,Brown Group,6378.50000
1901,München,L6,2023,10,N,Schleich Heintze GmbH & Co. OHG,6161.70000
1902,Viseu,L4,2021,104,heavy,Antunes e Filhos,
1903,Lüdenscheid,L6,2023,35,light,Davidson-Johnson,4248.70000
1904,Viseu,L4,2023,20, 1 ,Textor Stiftung & Co. KG,4733.70000
1905,Estarreja,L4,2022,113,light,Maia,10423.20000
1906,Herzberg,L1,2023,104,med,Maia,4842.90000
1907,Amora,L4,2021,57,N,Maia,10767.70000
1908,Mêda,L5,2022,12,light,Cruz,8440.90000
1909,Lixa,L4,2019,14,L,Cruz,18417.70000
1910,Abrantes,L5,2021,88, N ,Antunes e Filhos,11738.60000
1911,Bischofswerda,L6,2023,100,heavy,Jäkel Kroker GmbH & Co. OHG,6058.70000
1912,Viseu,L4,2021,115,H,Moura Cardoso Lda.,12436.70000
1913,München,L5,2020,110,3,Mende Haering GmbH & Co. OHG,17333.50000
1914,Braga,L4,2020,4,light,Butte AG,16356.20000
1915,Fundão,L5,2023,10,3,Gomes S/A,4395.30000
1916,Barcelos,L4,2017,11,3,Jäntsch AG,27547.60000
1917,Mêda,L1,2023,83,1,Antunes e Filhos,4032.50000
1918,Caldas da Rainha,L5,2019,30,1,Gomes S/A,17885.10000
1919,Elvas,L5,2020,57,med,"Vazquez, Wright and Henry",15751.70000
1920,Dieburg,L1,2020,63,med,Radisch Stadelmann Stiftung & Co. KG,14707.70000
1921,Almeirim,L6,2021,57,med,Ferreira,12570.60000
1922,East Tommy,L6,2018,79,N,Davidson-Johnson,23052.10000
1923,Reguengos de Monsaraz,L2,2020,12,light,Antunes e Filhos,15607.20000
1924,Roberthaven,L2,2023,64,med,Nguyen Group,5567.20000
1925,Davidsonland,L1,2021,34,1,Jäkel Kroker GmbH & Co. OHG,12519.20000
1926,Santa Maria da Feira,L1,2021,6,1,Matias,12897.00000
1927,Tondela,L1,2021,52,med,Cole Group,12721.70000
1928,Port Heather,L1,2022,35,H,Ferreira,7845.00000
1929,Seixal,L3,2022,42,2,Hettner,10172.60000
1930,Tondela,L4,2023,43,light,Dörr,5200.80000
1931,Coimbra,L2,2022,110,H,Tavares S/A,8841.10000
1932,Vila Real de Santo António,L6,2023,97,heavy,Schleich Heintze GmbH & Co. OHG,5189.00000
1933,Tondela,L2,2019,32,L,"Kelly, Martinez and Alvarez",19661.80000
1934,Füssen,L6,2021,5,3,Matias,12991.50000
1935,Bautzen,L6,2020,88,heavy,Moreira Melo Lda.,16663.00000
1936,Einbeck,L2,2022,50,2,Mende Haering GmbH & Co. OHG,7648.10000
1937,Port Zacharyview,L5,2021,85, L ,Jäntsch AG,10568.70000
1938,Port Jasminebury,L4,2017,35,L,Radisch Stadelmann Stiftung & Co. KG,27924.30000
1939,München,L2,2022,83,H,Matias,10430.30000
1940,Herzberg,L6,2023,49,normal,Nguyen Group,
1941,Haldensleben,L4,2019,34,1,Textor Stiftung & Co. KG,20750.60000
1942,Santa Maria da Feira,L3,2018,69,normal,Cole Group,21055.90000
1943,Oberviechtach,L2,2022,16,L,Cole Group,9558.00000
1944,Cartermouth,L2,2023,112,L,Tavares S/A,
1945,Lüdenscheid,L4,2017,110,normal,Nguyen Group,24779.60000
1946,São Mamede de Infesta,L4,2018,79,2,Tavares S/A,23412.70000
1947,Oberviechtach,L3,2023,111,heavy,Matias,5564.00000
1948,Port Peterstad,L6,2021,38,1,Ferreira,13540.30000
1949,Port Jasminebury,L5,2012,11, light ,Machado,45000.00000
1950,Sintra,L3,2022,92,H,Brown Group,7359.40000
1951,München,L4,2020,92,H,Mende Haering GmbH & Co. OHG,16749.90000
1952,Braga,L2,2018,8, 3 ,Sá e Filhos,21828.40000
1953,Haldensleben,L5,2020,15,L,Cruz,15682.80000
1954,München,L4,2022,55,N,Matias,10499.70000
1955,Ponte de Sor,L3,2021,59,med,Linke,12308.00000
1956,Herzberg,L2,2021,43,normal,Cole Group,12322.60000
1957,Barcelos,L4,2021,90,H,Moura Cardoso Lda.,13270.70000
1958,Port Stephanieburgh,L4,2022,76,N,Machado,8194.80000
1959,Lüdenscheid,L1,2015,22,H,Brown Group,34749.50000
1960,Aue,L1,2023,53, 2 ,Matias,4970.00000
1961,Rachelton,L3,2022,77,3,Dörr,8924.10000
1962,Roberthaven,L6,2020,51,N,Jäntsch AG,16763.20000
1963,Mêda,L3,2023,77,H,Pires,6003.90000
1964,Viseu,L5,2023,66,N,Maia,6195.60000
1965,Coimbra,L5,2015,29,L,Radisch Stadelmann Stiftung & Co. KG,32767.50000
1966,Port Peterstad,L4,2016,55,normal,Schleich Heintze GmbH & Co. OHG,30400.70000
1967,Port Peterstad,L6,2023,21,1,Langern Eberth KG,4405.80000
1968,Sintra,L4,2018,107, 3 ,Tavares S/A,23648.20000
1969,Vila Real de Santo António,L4,2020,77,H,Jäntsch AG,15430.00000
1970,Cartermouth,L2,2023,117,H,Antunes e Filhos,6553.00000
1971,Viseu,L6,2023,7,L,Jäntsch AG,3591.90000
1972,Lixa,L5,2021,68,normal,"Hernandez, Garcia and Peck",10698.00000
1973,Haldensleben,L2,2023,74,H,Patberg Hering AG & Co. KGaA,5397.10000
1974,Lüdenscheid,L4,2020,6,L,Kruschwitz Ditschlerin AG & Co. OHG,16947.30000
1975,Évora,L4,2023,28,heavy,Moura Cardoso Lda.,6540.90000
1976,Mêda,L1,2023,15,light,Jessel,4826.30000
1977,Oberviechtach,L6,2022,64,med,Cardoso,8229.00000
1978,Amora,L5,2023,71,normal,Linke,6970.50000
1979,Dunnchester,L1,2023,70,N,Linke,6972.80000
1980,Almeirim,L1,2012,55,N,Hettner,42667.60000
1981,Laurenstad,L2,2019,9,L,Brown Group,20969.00000
1982,São Mamede de Infesta,L6,2019,80,heavy,Jessel,18878.20000
1983,Mainburg,L1,2023,77,med,Sá e Filhos,6987.50000
1984,São Mamede de Infesta,L4,2018,117,heavy,Ferreira,23841.00000
1985,Odivelas,L6,2016,117,light,Matias,29795.50000
1986,Lüdenscheid,L4,2020,57,2,Butte AG,15578.60000
1987,München,L3,2019,71,med,Linke,20449.10000
1988,Port Zacharyview,L1,2015,56, L ,Paiva Monteiro S.A.,33127.90000
1989,Barcelos,L3,2020,96, 3 ,Cole Group,15014.80000
1990,Mêda,L2,2022,98,med,Machado,7921.00000
1991,Seixal,L2,2022,106,H,Ferreira,9150.80000
1992,Rachelton,L5,2021,48, N ,Brown Group,10573.30000
1993,East Tommy,L1,2022,31,1,Textor Stiftung & Co. KG,8623.40000
1994,Port Stephanieburgh,L6,2019,56,2,Patberg Hering AG & Co. KGaA,18567.20000
1995,Almeirim,L1,2022,87,light,Patberg Hering AG & Co. KGaA,8123.80000
1996,Reguengos de Monsaraz,L4,2020,3,L,Patberg Hering AG & Co. KGaA,16697.00000
1997,Lixa,L5,2022,106,heavy,Davidson-Johnson,9492.40000
1998,Tondela,L4,2022,87,normal,Moreira Melo Lda.,9011.30000
1999,Cartermouth,L3,2023,50, 2 ,Dörr,4140.90000
2000,Bautzen,L4,2022,47,2,Sanders Group,10446.40000
